,USREC,T10Y3M,T10Y2Y,UNRATE,CPIAUCSL,INDPRO,FEDFUNDS,BAA,GS10,M2SL,SP500
1980-01-01,0.0,,-0.6959090909090909,6.3,78.0,52.0679,13.82,12.42,10.8,1482.7,114.16000366210938
1980-02-01,1.0,,-1.0036842105263157,6.3,79.0,52.082,14.13,13.57,12.41,1494.6,113.66000366210938
1980-03-01,1.0,,-2.1357142857142857,6.3,80.1,51.87,17.19,14.45,12.75,1499.8,102.08999633789062
1980-04-01,1.0,,-1.0285714285714287,6.9,80.9,50.8397,17.61,14.19,11.47,1502.2,106.29000091552734
1980-05-01,1.0,,0.7314285714285714,7.5,81.7,49.589,10.98,13.17,10.18,1512.3,111.23999786376953
1980-06-01,1.0,,1.05,7.6,82.5,48.9482,9.47,12.71,9.78,1529.2,114.23999786376953
1980-07-01,1.0,,1.2181818181818183,7.8,82.6,48.6039,9.03,12.65,10.25,1545.5,121.66999816894531
1980-08-01,0.0,,0.5742857142857143,7.7,83.2,48.7563,9.61,13.15,11.1,1561.5,122.37999725341797
1980-09-01,0.0,,-0.0661904761904762,7.5,83.9,49.5608,10.87,13.7,11.51,1574.0,125.45999908447266
1980-10-01,0.0,,-0.33681818181818185,7.5,84.7,50.1908,12.81,14.23,11.75,1584.8,127.47000122070312
1980-11-01,0.0,,-0.8294117647058823,7.5,85.6,51.0311,15.85,14.64,12.68,1595.8,140.52000427246094
1980-12-01,0.0,,-1.2327272727272727,7.2,86.4,51.3708,18.9,15.14,12.84,1599.8,135.75999450683594
1981-01-01,0.0,,-0.6938095238095239,7.5,87.2,51.0415,19.08,15.03,12.57,1606.9,129.5500030517578
1981-02-01,0.0,,-0.7244444444444444,7.4,88.0,50.824,15.93,15.37,13.19,1618.7,131.27000427246094
1981-03-01,0.0,,-0.45272727272727276,7.4,88.6,51.0826,14.7,15.34,13.12,1636.6,136.0
1981-04-01,0.0,,-0.47190476190476194,7.2,89.1,50.858,15.72,15.56,13.68,1659.2,132.80999755859375
1981-05-01,0.0,,-1.3575,7.5,89.7,51.1495,18.52,15.95,14.1,1664.2,132.58999633789062
1981-06-01,0.0,,-1.0336363636363637,7.5,90.5,51.4101,19.1,15.8,13.47,1670.3,131.2100067138672
1981-07-01,0.0,,-1.0731818181818182,7.2,91.5,51.7471,19.04,16.17,14.28,1681.9,130.9199981689453
1981-08-01,1.0,,-1.3476190476190477,7.4,92.2,51.6826,17.82,16.34,14.94,1694.3,122.79000091552734
1981-09-01,1.0,,-1.1338095238095238,7.6,93.1,51.4337,15.87,16.92,15.32,1706.0,116.18000030517578
1981-10-01,1.0,,-0.3947619047619047,7.9,93.4,51.0281,15.08,17.11,15.15,1721.8,121.88999938964844
1981-11-01,1.0,,0.5111111111111111,8.3,93.8,50.435,13.31,16.39,13.39,1736.1,126.3499984741211
1981-12-01,1.0,,0.43409090909090914,8.5,94.1,49.8987,12.37,16.55,13.72,1755.5,122.55000305175781
1982-01-01,1.0,1.6760000000000002,0.026000000000000002,8.6,94.4,48.8685,13.22,17.1,14.59,1770.4,120.4000015258789
1982-02-01,1.0,0.1461111111111111,-0.3977777777777778,8.9,94.7,49.8636,14.78,17.18,14.43,1774.5,113.11000061035156
1982-03-01,1.0,0.5465217391304348,-0.33304347826086955,9.0,94.7,49.5323,14.68,16.82,13.86,1786.5,111.95999908447266
1982-04-01,1.0,0.5271428571428571,-0.3304761904761905,9.3,95.0,49.075,14.94,16.78,13.87,1803.9,116.44000244140625
1982-05-01,1.0,0.9085000000000001,-0.15450000000000003,9.4,95.9,48.7483,14.45,16.64,13.62,1815.4,111.87999725341797
1982-06-01,1.0,1.220909090909091,-0.1659090909090909,9.6,97.0,48.6214,14.15,16.92,14.3,1826.0,109.61000061035156
1982-07-01,1.0,2.0828571428571427,0.14904761904761904,9.8,97.5,48.4616,12.59,16.8,13.95,1831.5,107.08999633789062
1982-08-01,1.0,4.057727272727273,0.7313636363636363,9.8,97.7,48.0192,10.12,16.32,13.06,1845.2,119.51000213623047
1982-09-01,1.0,4.146190476190476,0.5557142857142857,10.1,97.7,47.9008,10.31,15.63,12.34,1858.4,120.41999816894531
1982-10-01,1.0,2.939,0.719,10.4,98.1,47.4371,9.71,14.73,10.91,1869.7,133.72000122070312
1982-11-01,1.0,2.2042105263157894,0.7547368421052632,10.8,98.0,47.283,9.2,14.3,10.55,1883.7,138.52999877929688
1982-12-01,0.0,2.3372727272727274,0.8777272727272727,10.8,97.7,46.9485,8.95,14.14,10.54,1905.9,140.63999938964844
1983-01-01,0.0,2.34,1.1295238095238094,10.4,97.9,47.8234,8.68,13.94,10.46,1959.4,145.3000030517578
1983-02-01,0.0,2.3305263157894736,1.088421052631579,10.4,98.0,47.5233,8.51,13.95,10.72,1996.8,148.05999755859375
1983-03-01,0.0,1.8469565217391304,0.8504347826086956,10.3,98.1,47.9244,8.77,13.61,10.51,2015.2,152.9600067138672
1983-04-01,0.0,1.8864999999999998,0.8320000000000001,10.2,98.8,48.5311,8.8,13.29,10.4,2028.6,164.42999267578125
1983-05-01,0.0,1.8842857142857143,0.8909523809523809,10.1,99.2,48.8239,8.63,13.09,10.38,2043.1,162.38999938964844
1983-06-01,0.0,1.7090909090909092,0.6668181818181819,10.1,99.4,49.123,8.98,13.37,10.85,2053.5,167.63999938964844
1983-07-01,0.0,1.9274999999999998,0.692,9.4,99.8,49.8546,9.37,13.39,11.38,2064.8,162.55999755859375
1983-08-01,0.0,2.1069565217391304,0.7756521739130434,9.5,100.1,50.4443,9.56,13.64,11.85,2074.0,164.39999389648438
1983-09-01,0.0,2.2923809523809524,0.8638095238095238,9.2,100.4,51.178,9.45,13.55,11.65,2083.2,166.07000732421875
1983-10-01,0.0,2.553,0.97,8.8,100.8,51.5693,9.48,13.46,11.54,2099.2,163.5500030517578
1983-11-01,0.0,2.5789473684210527,1.0257894736842106,8.5,101.1,51.7993,9.34,13.61,11.69,2112.3,166.39999389648438
1983-12-01,0.0,2.4719047619047623,0.9928571428571429,8.3,101.4,52.0594,9.47,13.75,11.83,2123.5,164.92999267578125
1984-01-01,0.0,2.4104761904761904,1.0319047619047619,8.0,102.1,53.0985,9.56,13.65,11.67,2138.2,163.41000366210938
1984-02-01,0.0,2.3826315789473687,1.056842105263158,7.8,102.6,53.3318,9.59,13.59,11.84,2158.2,157.05999755859375
1984-03-01,0.0,2.4295454545454547,1.0045454545454546,7.8,102.9,53.5929,9.91,13.99,12.32,2175.2,159.17999267578125
1984-04-01,0.0,2.5605,0.9475,7.7,103.3,53.91,10.29,14.31,12.63,2191.7,160.0500030517578
1984-05-01,0.0,3.1854545454545455,0.9386363636363636,7.4,103.5,54.2026,10.32,14.74,13.41,2204.1,150.5500030517578
1984-06-01,0.0,3.302380952380952,0.6561904761904762,7.2,103.7,54.4014,11.06,15.05,13.56,2215.1,153.17999267578125
1984-07-01,0.0,2.8314285714285714,0.4847619047619047,7.5,104.1,54.5521,11.23,15.15,13.36,2223.5,150.66000366210938
1984-08-01,0.0,1.8156521739130433,0.2817391304347826,7.5,104.4,54.6083,11.64,14.63,12.72,2230.4,166.67999267578125
1984-09-01,0.0,1.726842105263158,0.3178947368421053,7.3,104.7,54.4466,11.3,14.35,12.52,2244.4,166.10000610351562
1984-10-01,0.0,2.0359090909090907,0.5604545454545454,7.4,105.1,54.4406,9.99,13.94,12.16,2258.9,166.08999633789062
1984-11-01,0.0,2.6478947368421055,0.9236842105263158,7.2,105.3,54.624,9.43,13.48,11.57,2281.4,163.5800018310547
1984-12-01,0.0,3.162,1.318,7.3,105.5,54.6416,8.38,13.4,11.5,2306.4,167.24000549316406
1985-01-01,0.0,3.3642857142857148,1.4533333333333334,7.3,105.7,54.6322,8.35,13.26,11.38,2332.4,179.6300048828125
1985-02-01,0.0,2.9516666666666667,1.3433333333333333,7.2,106.3,54.7825,8.5,13.23,11.51,2354.1,181.17999267578125
1985-03-01,0.0,3.0252380952380955,1.1423809523809523,7.2,106.8,54.8653,8.58,13.69,11.86,2366.2,180.66000366210938
1985-04-01,0.0,3.2128571428571426,1.3457142857142859,7.3,107.0,54.7459,8.27,13.51,11.43,2375.4,179.8300018310547
1985-05-01,0.0,3.1136363636363638,1.4527272727272729,7.2,107.2,54.8255,7.97,13.15,10.85,2389.5,189.5500030517578
1985-06-01,0.0,2.976,1.468,7.4,107.5,54.7989,7.53,12.4,10.16,2412.6,191.85000610351562
1985-07-01,0.0,2.9904545454545457,1.5336363636363637,7.4,107.7,54.5396,7.88,12.43,10.31,2429.5,190.9199981689453
1985-08-01,0.0,2.9613636363636364,1.3881818181818182,7.1,107.9,54.7055,7.9,12.5,10.33,2444.0,188.6300048828125
1985-09-01,0.0,3.04,1.39,7.1,108.1,54.8906,7.92,12.48,10.37,2456.4,182.0800018310547
1985-10-01,0.0,2.835909090909091,1.3722727272727273,7.1,108.5,54.7199,7.99,12.36,10.24,2468.0,189.82000732421875
1985-11-01,0.0,2.305263157894737,1.2005263157894737,7.0,109.0,54.9124,8.05,11.99,9.78,2477.8,202.1699981689453
1985-12-01,0.0,1.929047619047619,1.1123809523809522,7.0,109.5,55.4412,8.27,11.58,9.26,2492.1,211.27999877929688
1986-01-01,0.0,1.8919047619047618,1.0514285714285716,6.7,109.9,55.7481,8.14,11.44,9.19,2502.1,211.77999877929688
1986-02-01,0.0,1.4136842105263157,0.7368421052631579,7.2,109.7,55.3568,7.86,11.11,8.7,2512.9,226.9199981689453
1986-03-01,0.0,1.0145,0.564,7.2,109.1,54.9625,7.48,10.5,7.78,2533.1,238.89999389648438
1986-04-01,0.0,1.0636363636363635,0.604090909090909,7.1,108.7,55.0413,6.99,10.19,7.3,2557.8,235.52000427246094
1986-05-01,0.0,1.3747619047619049,0.6423809523809524,7.2,109.0,55.1226,6.85,10.29,7.71,2584.8,247.35000610351562
1986-06-01,0.0,1.4028571428571428,0.6147619047619047,7.2,109.4,54.9005,6.92,10.34,7.8,2605.0,250.83999633789062
1986-07-01,0.0,1.3036363636363637,0.6368181818181818,7.0,109.5,55.2592,6.56,10.16,7.3,2626.6,236.1199951171875
1986-08-01,0.0,1.4804761904761905,0.8395238095238095,6.9,109.6,55.1567,6.17,10.18,7.17,2646.5,252.92999267578125
1986-09-01,0.0,2.0952380952380953,1.1014285714285714,7.0,110.0,55.2975,5.89,10.2,7.45,2667.8,231.32000732421875
1986-10-01,0.0,2.103181818181818,1.1472727272727272,7.0,110.2,55.5332,5.85,10.24,7.43,2687.4,243.97999572753906
1986-11-01,0.0,1.7505555555555556,0.9738888888888889,6.9,110.4,55.7557,6.04,10.07,7.25,2701.3,249.22000122070312
1986-12-01,0.0,1.43,0.8409090909090909,6.6,110.8,56.2845,6.91,9.97,7.11,2728.0,242.1699981689453
1987-01-01,0.0,1.5065,0.8584999999999999,6.6,111.4,56.0882,6.43,9.72,7.08,2743.9,274.0799865722656
1987-02-01,0.0,1.4994736842105265,0.8526315789473684,6.6,111.8,56.8275,6.1,9.65,7.25,2747.5,284.20001220703125
1987-03-01,0.0,1.4827272727272727,0.8240909090909091,6.6,112.2,56.9098,6.13,9.61,7.25,2753.7,291.70001220703125
1987-04-01,0.0,2.2071428571428573,0.9985714285714286,6.3,112.7,57.2701,6.37,10.04,8.02,2767.7,288.3599853515625
1987-05-01,0.0,2.7664999999999997,0.8515,6.3,113.0,57.6322,6.85,10.51,8.61,2772.9,290.1000061035156
1987-06-01,0.0,2.5477272727272724,0.8290909090909092,6.2,113.5,57.9307,6.73,10.52,8.4,2774.6,304.0
1987-07-01,0.0,2.567727272727273,1.0045454545454546,6.1,113.8,58.3258,6.58,10.61,8.45,2779.0,318.6600036621094
1987-08-01,0.0,2.527142857142857,1.0076190476190476,6.0,114.3,58.7636,6.73,10.8,8.76,2788.2,329.79998779296875
1987-09-01,0.0,2.8004761904761906,1.0780952380952382,5.9,114.7,58.9951,7.22,11.31,9.42,2799.5,321.8299865722656
1987-10-01,0.0,3.169047619047619,1.1223809523809525,6.0,115.0,59.781,7.29,11.62,9.52,2814.8,251.7899932861328
1987-11-01,0.0,2.9705263157894737,1.167894736842105,5.8,115.4,60.0726,6.69,11.23,8.86,2818.9,230.3000030517578
1987-12-01,0.0,3.0281818181818183,1.13,5.7,115.6,60.4095,6.77,11.29,8.99,2826.4,247.0800018310547
1988-01-01,0.0,2.6610526315789476,1.0357894736842106,5.7,116.0,60.3976,6.83,11.07,8.67,2847.4,257.07000732421875
1988-02-01,0.0,2.3695,1.0314999999999999,5.7,116.2,60.7003,6.58,10.62,8.21,2870.4,267.82000732421875
1988-03-01,0.0,2.503478260869565,1.1030434782608696,5.7,116.5,60.8501,6.58,10.57,8.37,2890.7,258.8900146484375
1988-04-01,0.0,2.6355,1.129,5.4,117.2,61.2031,6.87,10.9,8.72,2910.7,261.3299865722656
1988-05-01,0.0,2.6347619047619046,1.0933333333333333,5.6,117.5,61.0797,7.09,11.04,9.09,2926.0,262.1600036621094
1988-06-01,0.0,2.2572727272727273,0.8954545454545454,5.4,118.0,61.2569,7.51,11.0,8.92,2938.4,273.5
1988-07-01,0.0,2.1079999999999997,0.777,5.4,118.5,61.2659,7.75,11.11,9.06,2947.2,272.0199890136719
1988-08-01,0.0,1.9608695652173913,0.6317391304347827,5.6,119.0,61.5731,8.01,11.21,9.26,2952.0,261.5199890136719
1988-09-01,0.0,1.499047619047619,0.5138095238095238,5.4,119.5,61.3807,8.19,10.9,8.98,2956.9,271.9100036621094
1988-10-01,0.0,1.1985,0.4415,5.4,119.9,61.6453,8.3,10.41,8.8,2965.3,278.9700012207031
1988-11-01,0.0,0.9339999999999999,0.2965,5.3,120.3,61.7944,8.35,10.48,8.96,2980.2,273.70001220703125
1988-12-01,0.0,0.7571428571428571,0.017142857142857144,5.3,120.7,62.0743,8.76,10.65,9.11,2988.2,277.7200012207031
1989-01-01,0.0,0.533,-0.08399999999999999,5.4,121.2,62.2574,9.12,10.65,9.09,2991.7,297.4700012207031
1989-02-01,0.0,0.33210526315789474,-0.2026315789473684,5.2,121.6,61.9819,9.36,10.61,9.17,2992.2,288.8599853515625
1989-03-01,0.0,0.21545454545454545,-0.32181818181818184,5.0,122.2,62.1369,9.85,10.67,9.36,2999.7,294.8699951171875
1989-04-01,0.0,0.213,-0.27599999999999997,5.2,123.1,62.1276,9.84,10.61,9.18,3006.0,309.6400146484375
1989-05-01,0.0,0.12318181818181818,-0.15863636363636366,5.2,123.7,61.7744,9.81,10.46,8.86,3011.6,320.5199890136719
1989-06-01,0.0,-0.15727272727272726,-0.1290909090909091,5.3,124.1,61.7697,9.53,10.03,8.28,3027.9,317.9800109863281
1989-07-01,0.0,-0.1285,0.199,5.2,124.5,61.1738,9.24,9.87,8.02,3052.4,346.0799865722656
1989-08-01,0.0,-0.05739130434782609,-0.03217391304347826,5.2,124.5,61.7732,8.99,9.88,8.11,3074.4,351.45001220703125
1989-09-01,0.0,0.176,-0.094,5.3,124.8,61.5796,9.02,9.91,8.19,3092.5,349.1499938964844
1989-10-01,0.0,0.10809523809523809,0.02857142857142857,5.3,125.4,61.4966,8.84,9.81,8.01,3114.1,340.3599853515625
1989-11-01,0.0,-0.06952380952380952,0.07857142857142857,5.4,125.9,61.7044,8.55,9.81,7.87,3133.3,345.989990234375
1989-12-01,0.0,-0.043500000000000004,0.059,5.4,126.3,62.0428,8.45,9.82,7.84,3152.5,353.3999938964844
1990-01-01,0.0,0.3085714285714286,0.12142857142857141,5.4,127.5,61.729,8.23,9.94,8.21,3166.8,329.0799865722656
1990-02-01,0.0,0.47105263157894733,0.10263157894736842,5.3,128.0,62.2896,8.24,10.14,8.47,3179.2,331.8900146484375
1990-03-01,0.0,0.4186363636363637,-0.038181818181818185,5.2,128.6,62.5999,8.28,10.21,8.59,3190.1,339.94000244140625
1990-04-01,0.0,0.745,0.0615,5.4,128.9,62.4359,8.26,10.3,8.79,3201.6,330.79998779296875
1990-05-01,0.0,0.7513636363636365,0.11590909090909092,5.4,129.1,62.6258,8.18,10.41,8.76,3200.6,361.2300109863281
1990-06-01,0.0,0.4933333333333333,0.12904761904761905,5.2,129.9,62.8382,8.29,10.22,8.48,3213.7,358.0199890136719
1990-07-01,0.0,0.5966666666666667,0.3142857142857143,5.5,130.5,62.7284,8.15,10.2,8.47,3224.5,356.1499938964844
1990-08-01,1.0,1.0582608695652174,0.691304347826087,5.7,131.6,62.9475,8.13,10.41,8.75,3242.0,322.55999755859375
1990-09-01,1.0,1.295263157894737,0.8136842105263158,5.9,132.5,62.9523,8.2,10.64,8.89,3254.6,306.04998779296875
1990-10-01,1.0,1.3195454545454546,0.8418181818181818,5.9,133.4,62.5845,8.11,10.74,8.72,3259.3,304.0
1990-11-01,1.0,1.1015000000000001,0.7935,6.2,133.7,61.7887,7.81,10.62,8.39,3262.6,322.2200012207031
1990-12-01,1.0,1.1255000000000002,0.761,6.3,134.2,61.3352,7.31,10.43,8.08,3271.8,330.2200012207031
1991-01-01,1.0,1.6823809523809523,0.9676190476190476,6.4,134.7,61.1355,6.91,10.45,8.09,3287.7,343.92999267578125
1991-02-01,1.0,1.738421052631579,0.9878947368421053,6.6,134.8,60.6838,6.25,10.07,7.85,3304.5,367.07000732421875
1991-03-01,1.0,2.0164999999999997,1.0070000000000001,6.8,134.8,60.3346,6.12,10.09,8.11,3321.9,375.2200012207031
1991-04-01,0.0,2.213636363636364,1.0909090909090908,6.7,135.1,60.4938,5.91,9.94,8.04,3332.4,375.3399963378906
1991-05-01,0.0,2.434090909090909,1.2840909090909092,6.9,135.6,61.0633,5.78,9.86,8.07,3343.0,389.8299865722656
1991-06-01,0.0,2.533,1.328,6.9,136.0,61.5581,5.9,9.96,8.28,3351.9,371.1600036621094
1991-07-01,0.0,2.5218181818181815,1.355,6.8,136.2,61.7305,5.82,9.89,8.27,3356.1,387.80999755859375
1991-08-01,0.0,2.4022727272727273,1.466818181818182,6.9,136.6,61.7298,5.66,9.65,7.9,3355.0,395.42999267578125
1991-09-01,0.0,2.2765,1.4685000000000001,6.9,137.0,62.2195,5.45,9.51,7.65,3354.9,387.8599853515625
1991-10-01,0.0,2.3831818181818183,1.615,7.0,137.2,62.1855,5.21,9.49,7.53,3360.1,392.45001220703125
1991-11-01,0.0,2.727894736842105,1.858421052631579,7.0,137.8,62.0871,4.81,9.45,7.42,3365.5,375.2200012207031
1991-12-01,0.0,2.9042857142857144,2.0628571428571427,7.3,138.2,61.7852,4.43,9.26,7.09,3372.2,417.0899963378906
1992-01-01,0.0,3.1261904761904766,2.0742857142857143,7.3,138.3,61.4616,4.03,9.13,7.03,3381.2,408.7799987792969
1992-02-01,0.0,3.3878947368421053,2.1257894736842107,7.4,138.6,61.8955,4.06,9.23,7.34,3400.0,412.70001220703125
1992-03-01,0.0,3.4036363636363633,1.8572727272727272,7.4,139.1,62.4232,3.98,9.25,7.54,3403.9,403.69000244140625
1992-04-01,0.0,3.6414285714285715,2.136190476190476,7.4,139.4,62.897,3.73,9.21,7.48,3399.7,414.95001220703125
1992-05-01,0.0,3.6729999999999996,2.1665,7.6,139.7,63.104,3.82,9.13,7.39,3398.6,415.3500061035156
1992-06-01,0.0,3.516818181818182,2.213636363636364,7.8,140.1,63.1363,3.76,9.05,7.26,3393.4,408.1400146484375
1992-07-01,0.0,3.5650000000000004,2.489090909090909,7.7,140.5,63.7176,3.25,8.84,6.84,3393.9,424.2099914550781
1992-08-01,0.0,3.3866666666666667,2.392857142857143,7.6,140.8,63.3613,3.3,8.65,6.59,3398.8,414.0299987792969
1992-09-01,0.0,3.4466666666666663,2.520952380952381,7.6,141.1,63.5703,3.22,8.62,6.42,3410.3,417.79998779296875
1992-10-01,0.0,3.6561904761904764,2.5061904761904765,7.3,141.7,63.9995,3.1,8.84,6.59,3423.8,418.67999267578125
1992-11-01,0.0,3.667368421052631,2.2936842105263158,7.4,142.1,64.2422,3.09,8.96,6.87,3426.5,431.3500061035156
1992-12-01,0.0,3.4786363636363635,2.096363636363636,7.4,142.3,64.3507,2.92,8.81,6.77,3424.7,435.7099914550781
1993-01-01,0.0,3.5289473684210524,2.21,7.3,142.8,64.5978,3.02,8.67,6.6,3419.1,438.7799987792969
1993-02-01,0.0,3.2663157894736843,2.1605263157894736,7.1,143.1,64.9089,3.03,8.39,6.26,3414.5,443.3800048828125
1993-03-01,0.0,2.960869565217391,2.0256521739130435,7.0,143.3,64.8522,3.07,8.15,5.98,3411.7,451.6700134277344
1993-04-01,0.0,3.039047619047619,2.131904761904762,7.1,143.8,65.0301,2.96,8.14,5.97,3411.3,440.19000244140625
1993-05-01,0.0,3.0105,2.0585,7.1,144.2,64.784,3.0,8.21,6.04,3436.9,450.19000244140625
1993-06-01,0.0,2.8181818181818183,1.799090909090909,7.0,144.3,64.9301,3.04,8.07,5.96,3442.4,450.5299987792969
1993-07-01,0.0,2.6942857142857144,1.7333333333333332,6.9,144.5,65.1052,3.06,7.93,5.81,3442.0,448.1300048828125
1993-08-01,0.0,2.5872727272727274,1.6763636363636365,6.8,144.8,65.0267,3.03,7.6,5.68,3445.7,463.55999755859375
1993-09-01,0.0,2.3514285714285714,1.512857142857143,6.7,145.0,65.3717,3.09,7.34,5.36,3452.2,458.92999267578125
1993-10-01,0.0,2.242,1.4594999999999998,6.8,145.6,65.8509,2.99,7.31,5.33,3456.7,467.8299865722656
1993-11-01,0.0,2.5445,1.5685,6.6,146.0,66.1518,3.02,7.66,5.72,3470.1,461.7900085449219
1993-12-01,0.0,2.6463636363636365,1.5618181818181818,6.5,146.3,66.5436,2.96,7.69,5.77,3474.5,466.45001220703125
1994-01-01,0.0,2.706,1.6105,6.6,146.3,66.7351,3.05,7.65,5.75,3474.9,481.6099853515625
1994-02-01,0.0,2.6426315789473684,1.4989473684210526,6.6,146.7,66.774,3.25,7.76,5.97,3475.7,467.1400146484375
1994-03-01,0.0,2.891739130434783,1.4873913043478262,6.5,147.1,67.4552,3.34,8.13,6.48,3480.1,445.7699890136719
1994-04-01,0.0,3.1915789473684213,1.4226315789473685,6.4,147.2,67.8541,3.56,8.52,6.97,3481.3,450.9100036621094
1994-05-01,0.0,2.9157142857142855,1.2152380952380952,6.1,147.5,68.1663,4.01,8.62,7.18,3490.8,456.5
1994-06-01,0.0,2.852272727272727,1.17,6.1,147.9,68.6265,4.25,8.65,7.1,3479.5,444.2699890136719
1994-07-01,0.0,2.8415,1.168,6.1,148.4,68.7178,4.26,8.8,7.3,3488.2,458.260009765625
1994-08-01,0.0,2.6243478260869564,1.058695652173913,6.0,149.0,69.1785,4.47,8.74,7.24,3485.7,475.489990234375
1994-09-01,0.0,2.7057142857142855,1.0647619047619048,5.9,149.3,69.3961,4.73,8.98,7.46,3486.1,462.7099914550781
1994-10-01,0.0,2.6420000000000003,1.0154999999999998,5.8,149.4,69.9544,4.76,9.2,7.74,3484.3,472.3500061035156
1994-11-01,0.0,2.506,0.8065,5.6,149.8,70.4326,5.29,9.32,7.96,3487.2,453.69000244140625
1994-12-01,0.0,2.0490476190476192,0.22428571428571428,5.5,150.1,71.1523,5.45,9.1,7.81,3486.4,459.2699890136719
1995-01-01,0.0,1.8780000000000001,0.2725,5.6,150.5,71.2734,5.53,9.08,7.78,3492.4,470.4200134277344
1995-02-01,0.0,1.53,0.35789473684210527,5.4,150.9,71.193,5.92,8.85,7.47,3489.9,487.3900146484375
1995-03-01,0.0,1.2943478260869565,0.42913043478260865,5.4,151.2,71.3113,5.98,8.7,7.2,3491.1,500.7099914550781
1995-04-01,0.0,1.2247368421052631,0.4947368421052632,5.8,151.8,71.1882,6.05,8.6,7.06,3499.2,514.7100219726562
1995-05-01,0.0,0.785,0.46181818181818185,5.6,152.1,71.5378,6.01,8.2,6.63,3524.2,533.4000244140625
1995-06-01,0.0,0.5290909090909092,0.4522727272727272,5.6,152.4,71.7749,6.0,7.9,6.17,3548.9,544.75
1995-07-01,0.0,0.6849999999999999,0.49799999999999994,5.7,152.6,71.4748,5.85,8.04,6.28,3567.4,562.0599975585938
1995-08-01,0.0,0.9226086956521738,0.5073913043478261,5.7,152.9,72.4223,5.74,8.19,6.49,3589.0,561.8800048828125
1995-09-01,0.0,0.7635,0.3915,5.6,153.1,72.7144,5.8,7.93,6.2,3602.1,584.4099731445312
1995-10-01,0.0,0.6004761904761905,0.3476190476190476,5.5,153.5,72.5866,5.76,7.75,6.04,3613.4,581.5
1995-11-01,0.0,0.4123809523809524,0.45142857142857146,5.6,153.7,72.7779,5.8,7.68,5.93,3619.9,605.3699951171875
1995-12-01,0.0,0.4175,0.387,5.6,153.9,73.0305,5.6,7.49,5.71,3629.5,615.9299926757812
1996-01-01,0.0,0.5019047619047619,0.54,5.6,154.7,72.6125,5.56,7.47,5.65,3647.9,636.02001953125
1996-02-01,0.0,0.841,0.78,5.5,155.0,73.6752,5.22,7.63,5.81,3661.8,640.4299926757812
1996-03-01,0.0,1.170952380952381,0.6076190476190476,5.5,155.5,73.585,5.31,8.03,6.27,3686.9,645.5
1996-04-01,0.0,1.4236363636363636,0.5540909090909091,5.6,156.1,74.3172,5.22,8.19,6.51,3697.7,654.1699829101562
1996-05-01,0.0,1.583181818181818,0.6418181818181817,5.6,156.4,74.8726,5.24,8.3,6.74,3709.6,669.1199951171875
1996-06-01,0.0,1.6804999999999999,0.615,5.3,156.7,75.4433,5.27,8.4,6.91,3722.5,670.6300048828125
1996-07-01,0.0,1.5672727272727272,0.5954545454545455,5.5,157.0,75.4549,5.4,8.35,6.87,3737.1,639.9500122070312
1996-08-01,0.0,1.4463636363636363,0.6063636363636363,5.1,157.2,75.8411,5.22,8.18,6.64,3744.0,651.989990234375
1996-09-01,0.0,1.5945,0.598,5.2,157.7,76.3158,5.3,8.35,6.83,3753.4,687.3300170898438
1996-10-01,0.0,1.4104545454545454,0.620909090909091,5.2,158.2,76.3384,5.24,8.07,6.53,3772.8,705.27001953125
1996-11-01,0.0,1.0342105263157895,0.5021052631578947,5.4,158.7,77.0397,5.31,7.79,6.2,3795.1,757.02001953125
1996-12-01,0.0,1.2619047619047619,0.5204761904761904,5.4,159.1,77.5333,5.29,7.89,6.3,3818.6,740.739990234375
1997-01-01,0.0,1.4133333333333333,0.570952380952381,5.3,159.4,77.6562,5.25,8.09,6.58,3834.6,786.1599731445312
1997-02-01,0.0,1.2773684210526315,0.5210526315789474,5.2,159.7,78.5833,5.19,7.94,6.42,3846.3,790.8200073242188
1997-03-01,0.0,1.41,0.4725,5.2,159.8,79.082,5.39,8.18,6.69,3861.2,757.1199951171875
1997-04-01,0.0,1.580909090909091,0.43727272727272726,5.1,159.9,79.1747,5.51,8.34,6.89,3877.0,801.3400268554688
1997-05-01,0.0,1.5142857142857142,0.4342857142857143,4.9,159.9,79.6133,5.5,8.2,6.71,3889.2,848.280029296875
1997-06-01,0.0,1.4228571428571428,0.3990476190476191,5.0,160.2,79.9792,5.56,8.02,6.49,3906.0,885.1400146484375
1997-07-01,0.0,1.0259090909090909,0.32954545454545453,4.9,160.4,80.6624,5.52,7.75,6.22,3923.9,954.3099975585938
1997-08-01,0.0,1.019047619047619,0.3595238095238095,4.8,160.8,81.4694,5.54,7.82,6.3,3957.4,899.469970703125
1997-09-01,0.0,1.1238095238095238,0.32666666666666666,4.9,161.2,82.2156,5.54,7.7,6.21,3973.1,947.280029296875
1997-10-01,0.0,0.9168181818181819,0.25772727272727275,4.7,161.5,82.9446,5.5,7.57,6.03,3992.3,914.6199951171875
1997-11-01,0.0,0.5938888888888889,0.1622222222222222,4.6,161.7,83.5978,5.52,7.42,5.88,4014.8,955.4000244140625
1997-12-01,0.0,0.504090909090909,0.09363636363636364,4.7,161.8,83.9538,5.5,7.32,5.81,4032.9,970.4299926757812
1998-01-01,0.0,0.36550000000000005,0.1875,4.6,162.0,84.3218,5.56,7.19,5.54,4056.2,980.280029296875
1998-02-01,0.0,0.3447368421052632,0.1568421052631579,4.6,162.0,84.4583,5.51,7.25,5.57,4088.9,1049.3399658203125
1998-03-01,0.0,0.4854545454545454,0.08590909090909092,4.7,162.0,84.488,5.49,7.32,5.65,4114.3,1101.75
1998-04-01,0.0,0.5547619047619048,0.07333333333333333,4.3,162.2,84.7779,5.45,7.33,5.64,4140.2,1111.75
1998-05-01,0.0,0.5125,0.059,4.4,162.6,85.3367,5.49,7.3,5.65,4164.4,1090.8199462890625
1998-06-01,0.0,0.37227272727272726,-0.023636363636363636,4.5,162.8,84.8248,5.56,7.13,5.5,4184.1,1133.8399658203125
1998-07-01,0.0,0.3668181818181818,0.0031818181818181815,4.5,163.2,84.4986,5.54,7.15,5.46,4203.8,1120.6700439453125
1998-08-01,0.0,0.30095238095238097,0.07333333333333333,4.5,163.4,86.248,5.55,7.14,5.34,4228.7,957.280029296875
1998-09-01,0.0,0.06761904761904762,0.14047619047619048,4.6,163.5,86.2021,5.51,7.09,4.81,4267.7,1017.010009765625
1998-10-01,0.0,0.45952380952380956,0.43809523809523804,4.5,163.9,86.7914,5.07,7.18,4.53,4307.9,1098.6700439453125
1998-11-01,0.0,0.2963157894736842,0.28736842105263155,4.4,164.1,86.7256,4.83,7.34,4.83,4346.6,1163.6300048828125
1998-12-01,0.0,0.1481818181818182,0.13863636363636364,4.4,164.4,87.1185,4.68,7.23,4.65,4375.6,1229.22998046875
1999-01-01,0.0,0.27578947368421053,0.1068421052631579,4.3,164.7,87.4949,4.63,7.29,4.72,4403.0,1279.6400146484375
1999-02-01,0.0,0.4436842105263158,0.12263157894736842,4.4,164.7,88.027,4.76,7.39,5.0,4425.8,1238.3299560546875
1999-03-01,0.0,0.6660869565217391,0.17956521739130435,4.2,164.8,88.2267,4.81,7.53,5.23,4432.6,1286.3699951171875
1999-04-01,0.0,0.7754545454545454,0.20772727272727273,4.3,165.9,88.4295,4.74,7.48,5.18,4461.4,1335.1800537109375
1999-05-01,0.0,0.9085000000000001,0.28500000000000003,4.2,166.0,88.9886,4.74,7.72,5.54,4486.1,1301.8399658203125
1999-06-01,0.0,1.184090909090909,0.2809090909090909,4.3,166.0,88.9188,4.76,8.02,5.9,4508.0,1372.7099609375
1999-07-01,0.0,1.1061904761904762,0.23714285714285716,4.3,166.7,89.4333,4.99,7.95,5.79,4535.4,1328.719970703125
1999-08-01,0.0,1.0654545454545454,0.2609090909090909,4.2,167.1,89.7924,5.07,8.15,5.94,4552.7,1320.4100341796875
1999-09-01,0.0,1.0928571428571427,0.25333333333333335,4.2,167.8,89.4299,5.22,8.2,5.92,4568.8,1282.7099609375
1999-10-01,0.0,1.0885,0.2495,4.1,168.1,90.523,5.2,8.38,6.11,4592.7,1362.9300537109375
1999-11-01,0.0,0.8065,0.172,4.1,168.4,90.9618,5.42,8.15,6.03,4611.8,1388.9100341796875
1999-12-01,0.0,0.9186363636363637,0.1709090909090909,4.0,168.8,91.6634,5.3,8.19,6.28,4639.3,1469.25
2000-01-01,0.0,1.162,0.221,4.0,169.3,91.538,5.45,8.33,6.66,4667.6,1394.4599609375
2000-02-01,0.0,0.7925,-0.091,4.1,170.0,91.8239,5.73,8.29,6.52,4680.9,1366.4200439453125
2000-03-01,0.0,0.3926086956521739,-0.2717391304347826,4.0,171.0,92.1504,5.85,8.37,6.26,4711.7,1498.5799560546875
2000-04-01,0.0,0.16894736842105262,-0.4131578947368421,3.8,170.9,92.6989,6.02,8.4,5.99,4767.8,1452.4300537109375
2000-05-01,0.0,0.4459090909090909,-0.3690909090909091,4.0,171.2,92.9499,6.27,8.9,6.44,4755.7,1420.5999755859375
2000-06-01,0.0,0.23545454545454544,-0.3845454545454546,4.0,172.2,92.9862,6.53,8.48,6.1,4773.6,1454.5999755859375
2000-07-01,0.0,-0.0885,-0.28500000000000003,4.0,172.7,92.8048,6.54,8.35,6.05,4791.3,1430.8299560546875
2000-08-01,0.0,-0.45130434782608697,-0.4026086956521739,4.1,172.7,92.5521,6.5,8.26,5.83,4819.5,1517.6800537109375
2000-09-01,0.0,-0.376,-0.28250000000000003,3.9,173.6,92.9792,6.52,8.35,5.8,4855.2,1436.510009765625
2000-10-01,0.0,-0.5561904761904761,-0.1738095238095238,3.9,173.9,92.6179,6.51,8.34,5.74,4871.3,1429.4000244140625
2000-11-01,0.0,-0.6390476190476191,-0.15809523809523812,3.9,174.2,92.6438,6.51,8.28,5.72,4882.7,1314.949951171875
2000-12-01,0.0,-0.6965,-0.1115,3.9,174.6,92.3415,6.4,8.02,5.24,4927.6,1320.280029296875
2001-01-01,0.0,-0.12428571428571428,0.40095238095238095,4.2,175.6,91.902,5.98,7.93,5.16,4978.3,1366.010009765625
2001-02-01,0.0,0.09368421052631579,0.4421052631578948,4.2,176.0,91.3034,5.49,7.87,5.1,5017.0,1239.93994140625
2001-03-01,0.0,0.35000000000000003,0.5431818181818181,4.3,176.1,91.1162,5.31,7.84,4.89,5074.8,1160.3299560546875
2001-04-01,1.0,1.175,0.907,4.4,176.4,90.7891,4.8,8.07,5.14,5139.1,1249.4599609375
2001-05-01,1.0,1.6881818181818182,1.1313636363636363,4.3,177.3,90.3555,4.21,8.07,5.39,5137.2,1255.8199462890625
2001-06-01,1.0,1.7190476190476192,1.2042857142857142,4.5,177.7,89.8784,3.97,7.97,5.28,5180.1,1224.3800048828125
2001-07-01,1.0,1.6428571428571428,1.1976190476190476,4.6,177.4,89.3028,3.77,7.97,5.24,5210.0,1211.22998046875
2001-08-01,1.0,1.5334782608695654,1.2139130434782608,4.9,177.4,89.2003,3.65,7.85,4.97,5243.8,1133.5799560546875
2001-09-01,1.0,2.0394117647058825,1.6129411764705883,5.0,178.1,88.7485,3.07,8.03,4.73,5355.1,1040.93994140625
2001-10-01,1.0,2.369090909090909,1.8409090909090908,5.3,177.6,88.5052,2.49,7.91,4.57,5343.8,1059.780029296875
2001-11-01,1.0,2.745,1.8690000000000002,5.5,177.5,87.97,2.09,7.81,4.65,5387.5,1139.449951171875
2001-12-01,0.0,3.3674999999999997,1.9805,5.7,177.4,87.9324,1.82,8.05,5.09,5440.5,1148.0799560546875
2002-01-01,0.0,3.350952380952381,2.0076190476190474,5.7,177.7,88.5176,1.73,7.87,5.04,5460.9,1130.199951171875
2002-02-01,0.0,3.154736842105263,1.8963157894736842,5.7,178.0,88.5278,1.74,7.89,4.91,5490.2,1106.72998046875
2002-03-01,0.0,3.4590000000000005,1.7265000000000001,5.7,178.5,89.1686,1.73,8.11,5.28,5502.0,1147.3900146484375
2002-04-01,0.0,3.465909090909091,1.7881818181818183,5.9,179.3,89.604,1.75,8.03,5.21,5502.1,1076.9200439453125
2002-05-01,0.0,3.4040909090909093,1.9004545454545456,5.8,179.5,89.964,1.75,8.09,5.16,5528.3,1067.1400146484375
2002-06-01,0.0,3.1945,1.9335,5.8,179.6,90.7061,1.75,7.95,4.93,5553.3,989.8200073242188
2002-07-01,0.0,2.9395454545454545,2.096363636363636,5.8,180.0,90.6769,1.73,7.9,4.65,5596.0,911.6199951171875
2002-08-01,0.0,2.61,2.1236363636363635,5.7,180.5,90.5762,1.74,7.58,4.26,5638.3,916.0700073242188
2002-09-01,0.0,2.211,1.8655000000000002,5.7,180.8,90.6531,1.75,7.4,3.87,5662.3,815.280029296875
2002-10-01,0.0,2.330909090909091,2.0290909090909093,5.7,181.2,90.4643,1.75,7.73,3.94,5707.1,885.760009765625
2002-11-01,0.0,2.7936842105263158,2.125263157894737,5.9,181.5,90.9711,1.34,7.62,4.05,5758.1,936.3099975585938
2002-12-01,0.0,2.8214285714285716,2.1961904761904765,6.0,181.8,90.4652,1.24,7.45,4.03,5779.4,879.8200073242188
2003-01-01,0.0,2.8595238095238096,2.305238095238095,5.8,182.6,91.2361,1.24,7.35,4.05,5812.1,855.7000122070312
2003-02-01,0.0,2.7173684210526314,2.274736842105263,5.9,183.6,91.3445,1.26,7.06,3.9,5848.2,841.1500244140625
2003-03-01,0.0,2.6561904761904764,2.2333333333333334,5.9,183.9,91.1044,1.25,6.95,3.81,5868.4,848.1799926757812
2003-04-01,0.0,2.8061904761904763,2.336190476190476,6.0,183.2,90.5617,1.26,6.85,3.96,5905.5,916.9199829101562
2003-05-01,0.0,2.480952380952381,2.1538095238095236,6.1,182.9,90.537,1.26,6.38,3.57,5965.3,963.5900268554688
2003-06-01,0.0,2.3980952380952383,2.107142857142857,6.3,183.1,90.6527,1.22,6.19,3.33,6002.2,974.5
2003-07-01,0.0,3.0549999999999997,2.5013636363636365,6.2,183.7,91.1185,1.01,6.62,3.98,6049.1,990.3099975585938
2003-08-01,0.0,3.4761904761904763,2.580952380952381,6.1,184.5,90.9197,1.03,7.01,4.45,6107.1,1008.010009765625
2003-09-01,0.0,3.3190476190476192,2.568095238095238,6.1,185.1,91.5059,1.01,6.79,4.27,6079.7,995.969970703125
2003-10-01,0.0,3.3486363636363636,2.5427272727272725,6.0,184.9,91.6186,1.01,6.73,4.29,6070.0,1050.7099609375
2003-11-01,0.0,3.3477777777777775,2.373333333333333,5.8,185.0,92.2329,1.0,6.66,4.3,6075.5,1058.199951171875
2003-12-01,0.0,3.353181818181818,2.3604545454545454,5.7,185.5,92.2602,0.98,6.6,4.27,6073.8,1111.9200439453125
2004-01-01,0.0,3.25,2.3895,5.7,186.3,92.4006,1.0,6.44,4.15,6082.1,1131.1300048828125
2004-02-01,0.0,3.139473684210526,2.3442105263157895,5.6,186.7,92.958,1.01,6.27,4.08,6121.8,1144.93994140625
2004-03-01,0.0,2.8730434782608696,2.248695652173913,5.8,187.1,92.5861,1.0,6.11,3.83,6157.9,1126.2099609375
2004-04-01,0.0,3.38952380952381,2.276666666666667,5.6,187.4,92.93,1.0,6.46,4.35,6198.9,1107.300048828125
2004-05-01,0.0,3.6759999999999997,2.182,5.6,188.2,93.6013,1.0,6.75,4.72,6275.7,1120.6800537109375
2004-06-01,0.0,3.4457142857142857,1.9704761904761903,5.6,188.9,92.871,1.03,6.78,4.73,6277.9,1140.8399658203125
2004-07-01,0.0,3.1404761904761904,1.8595238095238094,5.5,189.1,93.5649,1.26,6.62,4.5,6291.1,1101.719970703125
2004-08-01,0.0,2.778181818181818,1.7731818181818182,5.4,189.2,93.6277,1.43,6.46,4.28,6317.8,1104.239990234375
2004-09-01,0.0,2.4442857142857144,1.6004761904761904,5.4,189.8,93.7467,1.61,6.27,4.13,6352.2,1114.5799560546875
2004-10-01,0.0,2.3024999999999998,1.5125,5.5,190.8,94.5465,1.76,6.21,4.1,6379.8,1130.199951171875
2004-11-01,0.0,2.0865,1.342,5.4,191.7,94.7813,1.93,6.2,4.19,6406.3,1173.8199462890625
2004-12-01,0.0,2.0081818181818183,1.219090909090909,5.4,191.7,95.5365,2.16,6.15,4.23,6424.5,1211.9200439453125
2005-01-01,0.0,1.8504999999999998,0.999,5.3,191.6,95.8801,2.28,6.02,4.22,6430.8,1181.27001953125
2005-02-01,0.0,1.5857894736842104,0.7805263157894737,5.4,192.4,96.5761,2.5,5.82,4.17,6438.9,1203.5999755859375
2005-03-01,0.0,1.7018181818181817,0.770909090909091,5.2,193.1,96.4456,2.63,6.06,4.5,6448.3,1180.5899658203125
2005-04-01,0.0,1.5042857142857142,0.6871428571428572,5.2,193.7,96.6532,2.79,6.05,4.34,6461.8,1156.8499755859375
2005-05-01,0.0,1.2423809523809524,0.5004761904761905,5.1,193.6,96.7402,3.0,6.01,4.14,6479.0,1191.5
2005-06-01,0.0,0.9618181818181818,0.3577272727272727,5.0,193.7,97.1753,3.04,5.86,4.0,6511.7,1191.3299560546875
2005-07-01,0.0,0.89,0.3065,5.0,194.9,96.8676,3.26,5.95,4.18,6543.5,1234.1800537109375
2005-08-01,0.0,0.7443478260869566,0.21826086956521742,4.9,196.1,97.1833,3.5,5.96,4.26,6576.3,1220.3299560546875
2005-09-01,0.0,0.7047619047619048,0.2528571428571429,5.0,198.8,95.3005,3.62,6.03,4.2,6610.1,1228.81005859375
2005-10-01,0.0,0.671,0.1925,5.0,199.1,96.4572,3.78,6.3,4.46,6643.9,1207.010009765625
2005-11-01,0.0,0.5605,0.11850000000000001,5.0,198.1,97.5414,4.0,6.39,4.54,6660.7,1249.47998046875
2005-12-01,0.0,0.4961904761904762,0.06285714285714286,4.9,198.1,98.0452,4.16,6.32,4.47,6687.8,1248.2900390625
2006-01-01,0.0,0.08,0.020499999999999997,4.7,199.3,98.1999,4.29,6.24,4.42,6730.1,1280.0799560546875
2006-02-01,0.0,0.02947368421052632,-0.09947368421052633,4.8,199.4,98.2413,4.49,6.27,4.57,6754.7,1280.6600341796875
2006-03-01,0.0,0.09608695652173913,-0.009999999999999998,4.7,199.7,98.4628,4.59,6.41,4.72,6769.3,1294.8699951171875
2006-04-01,0.0,0.26894736842105266,0.10157894736842105,4.7,200.7,98.7618,4.79,6.68,4.99,6806.9,1310.6099853515625
2006-05-01,0.0,0.2736363636363636,0.14181818181818182,4.6,201.3,98.7869,4.94,6.75,5.11,6813.7,1270.0899658203125
2006-06-01,0.0,0.18863636363636366,-0.015454545454545453,4.6,201.8,99.0997,4.99,6.78,5.11,6851.8,1270.199951171875
2006-07-01,0.0,0.011,-0.031,4.7,202.9,99.0489,5.24,6.76,5.09,6893.6,1276.6600341796875
2006-08-01,0.0,-0.21391304347826087,-0.026956521739130435,4.7,203.8,99.4836,5.25,6.59,4.88,6925.1,1303.8199462890625
2006-09-01,0.0,-0.211,-0.05,4.5,202.8,99.3183,5.25,6.43,4.72,6952.4,1335.8499755859375
2006-10-01,0.0,-0.31714285714285717,-0.06666666666666668,4.4,201.9,99.2044,5.25,6.42,4.73,7001.7,1377.93994140625
2006-11-01,0.0,-0.4780952380952381,-0.14523809523809525,4.5,202.0,99.1627,5.25,6.2,4.6,7037.2,1400.6300048828125
2006-12-01,0.0,-0.4085,-0.10900000000000001,4.4,203.1,100.1735,5.24,6.22,4.56,7080.1,1418.300048828125
2007-01-01,0.0,-0.3457142857142857,-0.11666666666666667,4.6,203.437,99.8346,5.25,6.34,4.76,7118.3,1438.239990234375
2007-02-01,0.0,-0.44052631578947365,-0.12631578947368421,4.5,204.226,100.7753,5.26,6.28,4.72,7134.3,1406.8199462890625
2007-03-01,0.0,-0.5154545454545455,-0.009090909090909092,4.4,205.288,100.9547,5.26,6.27,4.56,7168.2,1420.8599853515625
2007-04-01,0.0,-0.3128571428571429,0.027619047619047623,4.5,205.904,101.6334,5.25,6.39,4.69,7240.7,1482.3699951171875
2007-05-01,0.0,-0.12136363636363635,-0.02,4.4,206.755,101.7306,5.25,6.39,4.75,7254.6,1530.6199951171875
2007-06-01,0.0,0.36095238095238097,0.12238095238095237,4.6,207.234,101.7893,5.25,6.7,5.1,7287.8,1503.3499755859375
2007-07-01,0.0,0.04333333333333333,0.18523809523809526,4.7,207.603,101.6672,5.26,6.65,5.0,7318.7,1455.27001953125
2007-08-01,0.0,0.35782608695652174,0.3617391304347826,4.6,207.667,101.863,5.02,6.65,4.67,7394.8,1473.989990234375
2007-09-01,0.0,0.5273684210526316,0.51,4.7,208.547,102.0894,4.94,6.59,4.52,7413.0,1526.75
2007-10-01,0.0,0.525,0.56,4.7,209.19,101.8015,4.76,6.48,4.53,7428.1,1549.3800048828125
2007-11-01,0.0,0.794,0.8119999999999999,4.7,210.834,102.3446,4.49,6.4,4.15,7453.6,1481.1400146484375
2007-12-01,0.0,1.0310000000000001,0.9804999999999999,5.0,211.445,102.3803,4.24,6.65,4.1,7483.9,1468.3599853515625
2008-01-01,1.0,0.9242857142857143,1.2685714285714287,5.0,212.174,102.2448,3.94,6.54,3.74,7517.5,1378.550048828125
2008-02-01,1.0,1.5635,1.7645,4.9,212.687,101.8438,2.98,6.82,3.74,7604.0,1330.6300048828125
2008-03-01,1.0,2.2265,1.893,5.1,213.448,101.5336,2.61,6.89,3.51,7670.0,1322.699951171875
2008-04-01,1.0,2.3631818181818183,1.627727272727273,5.0,213.942,100.8785,2.28,6.97,3.68,7712.5,1385.5899658203125
2008-05-01,1.0,2.1157142857142857,1.4342857142857142,5.4,215.208,100.2674,1.98,6.93,3.88,7725.2,1400.3800048828125
2008-06-01,1.0,2.209047619047619,1.3257142857142856,5.6,217.463,100.0335,2.0,7.07,4.1,7743.9,1280.0
2008-07-01,1.0,2.3527272727272726,1.4345454545454546,5.8,219.016,99.676,2.01,7.16,4.01,7791.2,1267.3800048828125
2008-08-01,1.0,2.132857142857143,1.4652380952380952,6.1,218.69,98.1111,2.0,7.15,3.89,7805.8,1282.8299560546875
2008-09-01,1.0,2.5395238095238093,1.61,6.1,218.877,93.7895,1.81,7.31,3.69,7872.4,1166.3599853515625
2008-10-01,1.0,3.128181818181818,2.2018181818181817,6.5,216.995,94.7219,0.97,8.88,3.81,7974.9,968.75
2008-11-01,1.0,3.332777777777778,2.3138888888888887,6.8,213.153,93.4715,0.39,9.21,3.53,8027.0,896.239990234375
2008-12-01,1.0,2.3822727272727273,1.5954545454545455,7.3,211.398,90.8357,0.16,8.43,2.42,8204.7,903.25
2009-01-01,1.0,2.388,1.7105000000000001,7.8,211.933,88.57,0.15,8.14,2.52,8289.0,825.8800048828125
2009-02-01,1.0,2.5747368421052634,1.894736842105263,8.3,212.705,88.031,0.22,8.08,2.87,8319.3,735.0900268554688
2009-03-01,1.0,2.6036363636363635,1.8881818181818182,8.7,212.495,86.6528,0.18,8.42,2.82,8386.4,797.8699951171875
2009-04-01,1.0,2.769047619047619,2.0,9.0,212.709,85.9344,0.15,8.39,2.93,8391.1,872.8099975585938
2009-05-01,1.0,3.116,2.3635,9.4,213.022,85.0665,0.18,8.06,3.29,8449.2,919.1400146484375
2009-06-01,1.0,3.5431818181818184,2.5377272727272726,9.5,214.79,84.7459,0.21,7.5,3.72,8459.3,919.3200073242188
2009-07-01,0.0,3.3786363636363634,2.5431818181818184,9.5,214.726,85.7027,0.16,7.09,3.56,8463.5,987.47998046875
2009-08-01,0.0,3.415238095238095,2.4719047619047623,9.6,215.445,86.6426,0.16,6.58,3.59,8463.0,1020.6199951171875
2009-09-01,0.0,3.2785714285714285,2.4457142857142857,9.8,215.861,87.4063,0.15,6.31,3.4,8461.6,1057.0799560546875
2009-10-01,0.0,3.3133333333333335,2.4385714285714286,10.0,216.509,87.6419,0.12,6.29,3.39,8487.9,1036.18994140625
2009-11-01,0.0,3.3505263157894736,2.599473684210526,9.9,217.234,88.0221,0.12,6.32,3.4,8517.0,1095.6300048828125
2009-12-01,0.0,3.5354545454545456,2.7154545454545453,9.9,217.347,88.3793,0.12,6.37,3.59,8512.2,1115.0999755859375
2010-01-01,0.0,3.6715789473684213,2.8042105263157895,9.8,217.488,89.3426,0.11,6.25,3.73,8477.7,1073.8699951171875
2010-02-01,0.0,3.582105263157895,2.8342105263157897,9.8,217.281,89.6779,0.13,6.34,3.69,8527.3,1104.489990234375
2010-03-01,0.0,3.57695652173913,2.7686956521739132,9.9,217.353,90.2928,0.16,6.27,3.73,8523.5,1169.4300537109375
2010-04-01,0.0,3.6845454545454546,2.786363636363636,9.9,217.403,90.5991,0.2,6.25,3.85,8554.8,1186.68994140625
2010-05-01,0.0,3.2600000000000002,2.5895,9.6,217.29,91.823,0.2,6.05,3.42,8609.0,1089.4100341796875
2010-06-01,0.0,3.080454545454545,2.4795454545454545,9.4,217.199,91.9928,0.18,6.23,3.2,8628.1,1030.7099609375
2010-07-01,0.0,2.853809523809524,2.394761904761905,9.4,217.605,92.3421,0.18,6.01,3.01,8639.5,1101.5999755859375
2010-08-01,0.0,2.5436363636363635,2.178181818181818,9.5,217.923,92.6805,0.19,5.66,2.7,8687.9,1049.3299560546875
2010-09-01,0.0,2.4957142857142856,2.1676190476190476,9.5,218.275,92.9537,0.19,5.66,2.65,8718.7,1141.199951171875
2010-10-01,0.0,2.4055,2.164,9.4,219.035,92.6903,0.19,5.72,2.54,8768.4,1183.260009765625
2010-11-01,0.0,2.62,2.309,9.8,219.59,92.7709,0.19,5.92,2.76,8789.0,1180.550048828125
2010-12-01,0.0,3.15,2.6727272727272724,9.3,220.472,93.6787,0.18,6.1,3.29,8823.2,1257.6400146484375
2011-01-01,0.0,3.242,2.7794999999999996,9.1,221.187,93.4814,0.17,6.09,3.39,8849.0,1286.1199951171875
2011-02-01,0.0,3.444210526315789,2.803684210526316,9.0,221.898,93.1102,0.16,6.15,3.58,8913.3,1327.219970703125
2011-03-01,0.0,3.313913043478261,2.7169565217391307,9.0,223.046,94.0788,0.14,6.03,3.41,8971.5,1325.8299560546875
2011-04-01,0.0,3.3965000000000005,2.7205000000000004,9.1,224.093,93.7749,0.1,6.02,3.46,9035.1,1363.6099853515625
2011-05-01,0.0,3.127619047619048,2.6133333333333333,9.0,224.806,93.888,0.09,5.78,3.17,9107.8,1345.199951171875
2011-06-01,0.0,2.9650000000000003,2.591818181818182,9.1,224.806,94.172,0.09,5.75,3.0,9182.1,1320.6400146484375
2011-07-01,0.0,2.9655,2.5965,9.0,225.395,94.636,0.07,5.76,3.0,9344.2,1292.280029296875
2011-08-01,0.0,2.278695652173913,2.072608695652174,9.0,226.106,95.2749,0.1,5.36,2.3,9531.0,1218.8900146484375
2011-09-01,0.0,1.9614285714285713,1.7638095238095237,9.0,226.597,95.1961,0.08,5.27,1.98,9551.5,1131.4200439453125
2011-10-01,0.0,2.133,1.8715,8.8,226.75,95.8568,0.07,5.37,2.15,9584.4,1253.300048828125
2011-11-01,0.0,1.9994999999999998,1.7600000000000002,8.6,227.169,95.8485,0.08,5.14,2.01,9636.5,1246.9599609375
2011-12-01,0.0,1.9666666666666666,1.720952380952381,8.5,227.223,96.3571,0.07,5.25,1.98,9683.9,1257.5999755859375
2012-01-01,0.0,1.932,1.7260000000000002,8.3,227.842,96.9318,0.08,5.23,1.97,9757.6,1312.4100341796875
2012-02-01,0.0,1.8755,1.6895,8.3,228.329,97.2435,0.1,5.14,1.97,9809.8,1365.6800537109375
2012-03-01,0.0,2.088636363636364,1.8281818181818181,8.2,228.807,96.74,0.13,5.23,2.17,9853.9,1408.469970703125
2012-04-01,0.0,1.9690476190476192,1.7609523809523808,8.2,229.187,97.4359,0.14,5.19,2.05,9907.7,1397.9100341796875
2012-05-01,0.0,1.7136363636363638,1.518181818181818,8.2,228.713,97.6609,0.16,5.07,1.8,9951.4,1310.3299560546875
2012-06-01,0.0,1.5309523809523808,1.3304761904761906,8.2,228.524,97.6663,0.16,5.02,1.62,10021.6,1362.1600341796875
2012-07-01,0.0,1.4295238095238094,1.2785714285714287,8.2,228.59,97.8713,0.16,4.87,1.53,10074.5,1379.3199462890625
2012-08-01,0.0,1.5756521739130436,1.4095652173913045,8.1,229.918,97.4525,0.13,4.91,1.68,10145.6,1406.5799560546875
2012-09-01,0.0,1.6178947368421053,1.4678947368421054,7.8,231.015,97.381,0.14,4.84,1.72,10226.1,1440.6700439453125
2012-10-01,0.0,1.6414285714285715,1.469047619047619,7.8,231.638,97.7193,0.16,4.58,1.75,10292.4,1412.1600341796875
2012-11-01,0.0,1.5605,1.386,7.7,231.249,98.0777,0.16,4.51,1.65,10361.9,1416.1800537109375
2012-12-01,0.0,1.6489999999999998,1.462,7.9,231.221,98.3101,0.16,4.63,1.72,10484.1,1426.18994140625
2013-01-01,0.0,1.8404761904761904,1.6495238095238096,8.0,231.679,98.3342,0.14,4.73,1.91,10508.1,1498.1099853515625
2013-02-01,0.0,1.8852631578947368,1.7168421052631577,7.7,232.937,98.7941,0.15,4.85,1.98,10527.5,1514.6800537109375
2013-03-01,0.0,1.8704999999999998,1.7015,7.5,232.282,99.1921,0.14,4.85,1.96,10583.8,1569.18994140625
2013-04-01,0.0,1.699090909090909,1.526818181818182,7.6,231.797,99.1065,0.15,4.59,1.76,10611.3,1597.5699462890625
2013-05-01,0.0,1.8840909090909093,1.6777272727272725,7.5,231.893,99.1839,0.11,4.73,1.93,10646.1,1630.739990234375
2013-06-01,0.0,2.2495000000000003,1.9665,7.5,232.445,99.3897,0.09,5.19,2.3,10703.3,1606.280029296875
2013-07-01,0.0,2.546818181818182,2.2413636363636367,7.3,232.9,99.0814,0.09,5.32,2.58,10742.8,1685.72998046875
2013-08-01,0.0,2.6936363636363634,2.380909090909091,7.2,233.456,99.6543,0.08,5.42,2.74,10801.2,1632.969970703125
2013-09-01,0.0,2.7935,2.4055,7.2,233.544,100.161,0.08,5.47,2.81,10862.0,1681.550048828125
2013-10-01,0.0,2.5686363636363634,2.2804545454545457,7.2,233.669,100.082,0.09,5.31,2.62,10986.3,1756.5400390625
2013-11-01,0.0,2.650526315789474,2.4147368421052633,6.9,234.1,100.3158,0.08,5.38,2.72,10995.6,1805.81005859375
2013-12-01,0.0,2.835238095238095,2.5619047619047617,6.7,234.719,100.5175,0.09,5.38,2.9,11060.1,1848.3599853515625
2014-01-01,0.0,2.814761904761905,2.4642857142857144,6.6,235.288,100.1599,0.07,5.19,2.86,11130.8,1782.5899658203125
2014-02-01,0.0,2.656842105263158,2.382631578947368,6.7,235.547,100.9168,0.07,5.1,2.71,11196.8,1859.449951171875
2014-03-01,0.0,2.670952380952381,2.3242857142857143,6.7,236.028,101.8942,0.08,5.06,2.72,11232.6,1872.3399658203125
2014-04-01,0.0,2.674285714285714,2.288095238095238,6.2,236.468,101.9928,0.09,4.9,2.71,11277.7,1883.949951171875
2014-05-01,0.0,2.526666666666667,2.17,6.3,236.918,102.3836,0.09,4.76,2.56,11342.8,1923.5699462890625
2014-06-01,0.0,2.5628571428571427,2.146190476190476,6.1,237.231,102.735,0.1,4.8,2.6,11398.1,1960.22998046875
2014-07-01,0.0,2.515909090909091,2.0359090909090907,6.2,237.498,102.9632,0.09,4.73,2.54,11453.0,1930.6700439453125
2014-08-01,0.0,2.3871428571428575,1.9476190476190476,6.1,237.46,102.7688,0.09,4.69,2.42,11477.3,2003.3699951171875
2014-09-01,0.0,2.5142857142857142,1.9676190476190476,5.9,237.477,103.0641,0.09,4.8,2.53,11519.1,1972.2900390625
2014-10-01,0.0,2.287272727272727,1.8586363636363636,5.7,237.43,103.0764,0.09,4.69,2.3,11593.1,2018.050048828125
2014-11-01,0.0,2.303888888888889,1.7983333333333331,5.8,236.983,103.7126,0.09,4.79,2.33,11634.2,2067.56005859375
2014-12-01,0.0,2.178181818181818,1.5718181818181818,5.6,236.252,103.7044,0.12,4.74,2.21,11717.6,2058.89990234375
2015-01-01,0.0,1.8539999999999999,1.33,5.7,234.747,102.8905,0.11,4.45,1.88,11805.2,1994.989990234375
2015-02-01,0.0,1.9573684210526314,1.3563157894736841,5.5,235.342,102.2335,0.11,4.51,1.98,11922.8,2104.5
2015-03-01,0.0,2.015,1.4022727272727273,5.4,235.976,101.8914,0.11,4.54,2.04,11920.5,2067.889892578125
2015-04-01,0.0,1.9118181818181819,1.395,5.4,236.222,101.3355,0.12,4.48,1.94,11954.6,2085.510009765625
2015-05-01,0.0,2.181,1.5885,5.6,237.001,100.8883,0.12,4.89,2.2,11982.6,2107.389892578125
2015-06-01,0.0,2.3486363636363636,1.675,5.3,237.657,100.571,0.13,5.13,2.36,12023.2,2063.110107421875
2015-07-01,0.0,2.2922727272727275,1.656818181818182,5.2,238.034,101.2228,0.13,5.2,2.32,12067.0,2103.840087890625
2015-08-01,0.0,2.0952380952380953,1.4695238095238095,5.1,238.033,101.0367,0.14,5.19,2.17,12112.0,1972.1800537109375
2015-09-01,0.0,2.1485714285714286,1.4595238095238094,5.0,237.498,100.7547,0.14,5.34,2.17,12173.9,1920.030029296875
2015-10-01,0.0,2.0533333333333332,1.4252380952380952,5.0,237.733,100.2675,0.12,5.34,2.07,12225.2,2079.360107421875
2015-11-01,0.0,2.136842105263158,1.378421052631579,5.1,238.017,99.5298,0.12,5.46,2.26,12317.0,2080.409912109375
2015-12-01,0.0,2.0140909090909087,1.26,5.0,237.761,99.0417,0.24,5.46,2.24,12387.9,2043.93994140625
2016-01-01,0.0,1.827894736842105,1.1857894736842105,4.8,237.652,99.5607,0.34,5.45,2.09,12518.5,1940.239990234375
2016-02-01,0.0,1.465,1.046,4.9,237.336,99.0445,0.38,5.34,1.78,12603.9,1932.22998046875
2016-03-01,0.0,1.591818181818182,1.014090909090909,5.0,238.08,98.3096,0.36,5.13,1.89,12661.8,2059.739990234375
2016-04-01,0.0,1.577142857142857,1.0371428571428571,5.1,238.992,98.6421,0.37,4.79,1.81,12743.2,2065.300048828125
2016-05-01,0.0,1.5295238095238095,0.99,4.8,239.557,98.4184,0.37,4.68,1.81,12802.0,2096.949951171875
2016-06-01,0.0,1.3713636363636363,0.9127272727272728,4.9,240.222,98.8833,0.38,4.53,1.64,12852.5,2098.860107421875
2016-07-01,0.0,1.2029999999999998,0.8314999999999999,4.8,240.101,98.9992,0.39,4.22,1.5,12911.9,2173.60009765625
2016-08-01,0.0,1.2569565217391305,0.8191304347826087,4.9,240.545,98.85,0.4,4.24,1.56,12989.7,2170.949951171875
2016-09-01,0.0,1.3361904761904762,0.8595238095238096,5.0,241.176,98.7457,0.4,4.31,1.63,13054.9,2168.27001953125
2016-10-01,0.0,1.433,0.9215,4.9,241.741,98.7611,0.4,4.38,1.76,13122.8,2126.14990234375
2016-11-01,0.0,1.6895,1.1625,4.7,242.026,98.3491,0.41,4.71,2.14,13208.7,2198.81005859375
2016-12-01,0.0,1.98,1.2952380952380953,4.7,242.637,99.0214,0.54,4.83,2.49,13234.9,2238.830078125
2017-01-01,0.0,1.9134999999999998,1.226,4.7,243.618,98.7611,0.65,4.66,2.43,13315.7,2278.8701171875
2017-02-01,0.0,1.8926315789473684,1.2178947368421054,4.6,244.006,98.3646,0.66,4.64,2.42,13394.8,2363.639892578125
2017-03-01,0.0,1.733913043478261,1.168695652173913,4.4,243.892,99.0137,0.79,4.68,2.48,13463.6,2362.719970703125
2017-04-01,0.0,1.4889473684210526,1.0563157894736843,4.4,244.193,100.0224,0.9,4.57,2.3,13521.7,2384.199951171875
2017-05-01,0.0,1.4004545454545454,1.0018181818181817,4.4,244.004,100.1408,0.91,4.55,2.3,13568.9,2411.800048828125
2017-06-01,0.0,1.1877272727272727,0.8445454545454546,4.3,244.163,100.3471,1.04,4.37,2.19,13580.5,2423.409912109375
2017-07-01,0.0,1.2315,0.9455,4.3,244.243,100.1068,1.15,4.39,2.32,13643.1,2470.300048828125
2017-08-01,0.0,1.1769565217391305,0.8739130434782609,4.4,245.183,99.6925,1.16,4.31,2.21,13697.7,2471.64990234375
2017-09-01,0.0,1.1555,0.8175000000000001,4.3,246.435,99.7954,1.15,4.3,2.2,13745.1,2519.360107421875
2017-10-01,0.0,1.2666666666666668,0.8104761904761905,4.2,246.626,101.0247,1.15,4.32,2.36,13800.1,2575.260009765625
2017-11-01,0.0,1.1028571428571428,0.6566666666666666,4.2,247.284,101.2664,1.16,4.27,2.35,13843.5,2647.580078125
2017-12-01,0.0,1.061,0.5585,4.1,247.805,101.4644,1.3,4.22,2.4,13881.7,2673.610107421875
2018-01-01,0.0,1.1514285714285715,0.5519047619047619,4.0,248.859,101.4625,1.41,4.26,2.58,13900.3,2823.81005859375
2018-02-01,0.0,1.2710526315789472,0.6836842105263158,4.1,249.529,101.7085,1.42,4.51,2.86,13949.3,2713.830078125
2018-03-01,0.0,1.1157142857142857,0.5666666666666667,4.0,249.577,102.2067,1.51,4.64,2.84,14012.7,2640.8701171875
2018-04-01,0.0,1.0809523809523809,0.4847619047619047,4.0,250.227,103.3329,1.69,4.67,2.87,14035.9,2648.050048828125
2018-05-01,0.0,1.0781818181818181,0.4659090909090909,3.8,250.792,102.4024,1.7,4.83,2.98,14092.4,2705.27001953125
2018-06-01,0.0,0.9771428571428571,0.379047619047619,4.0,251.018,103.198,1.82,4.83,2.91,14137.2,2718.3701171875
2018-07-01,0.0,0.8942857142857144,0.28238095238095234,3.8,251.214,103.3646,1.91,4.79,2.89,14174.6,2816.2900390625
2018-08-01,0.0,0.8165217391304348,0.2534782608695652,3.8,251.663,104.0327,1.91,4.77,2.89,14223.2,2901.52001953125
2018-09-01,0.0,0.8389473684210526,0.23631578947368423,3.7,252.182,104.1004,1.95,4.88,3.0,14245.5,2913.97998046875
2018-10-01,0.0,0.859090909090909,0.2913636363636364,3.8,252.772,103.9856,2.19,5.07,3.15,14256.6,2711.739990234375
2018-11-01,0.0,0.743,0.258,3.8,252.594,104.0681,2.2,5.22,3.12,14282.8,2760.169921875
2018-12-01,0.0,0.4205263157894737,0.1563157894736842,3.9,252.767,104.0936,2.27,5.13,2.83,14386.8,2506.85009765625
2019-01-01,0.0,0.29,0.17047619047619048,4.0,252.561,103.4021,2.4,5.12,2.71,14459.7,2704.10009765625
2019-02-01,0.0,0.23842105263157895,0.17210526315789473,3.8,253.319,102.8371,2.4,4.95,2.68,14506.3,2784.489990234375
2019-03-01,0.0,0.11714285714285715,0.16142857142857142,3.8,254.277,102.8757,2.41,4.84,2.57,14557.5,2834.39990234375
2019-04-01,0.0,0.09952380952380951,0.18761904761904763,3.7,255.233,102.274,2.42,4.7,2.53,14594.7,2945.830078125
2019-05-01,0.0,-0.00818181818181818,0.18863636363636366,3.6,255.296,102.392,2.39,4.63,2.4,14704.4,2752.06005859375
2019-06-01,0.0,-0.14550000000000002,0.26,3.6,255.213,102.4375,2.38,4.46,2.07,14802.8,2941.760009765625
2019-07-01,0.0,-0.08590909090909091,0.2240909090909091,3.7,255.802,101.9408,2.4,4.28,2.06,14886.8,2980.3798828125
2019-08-01,0.0,-0.3640909090909091,0.055,3.6,256.036,102.639,2.13,3.87,1.63,14974.4,2926.4599609375
2019-09-01,0.0,-0.23500000000000001,0.051500000000000004,3.5,256.43,102.2917,2.04,3.91,1.7,15047.0,2976.739990234375
2019-10-01,0.0,0.028181818181818183,0.15545454545454546,3.6,257.155,101.4281,1.83,3.92,1.71,15184.1,3037.56005859375
2019-11-01,0.0,0.24,0.19947368421052633,3.6,257.879,101.9372,1.55,3.94,1.81,15296.0,3140.97998046875
2019-12-01,0.0,0.2976190476190476,0.24952380952380954,3.6,258.63,101.7003,1.55,3.88,1.86,15347.5,3230.780029296875
2020-01-01,0.0,0.20523809523809527,0.23857142857142857,3.6,259.127,101.0338,1.55,3.77,1.76,15427.1,3225.52001953125
2020-02-01,0.0,-0.04052631578947369,0.1731578947368421,3.5,259.25,101.3735,1.58,3.61,1.5,15493.4,2954.219970703125
2020-03-01,1.0,0.5745454545454546,0.42181818181818187,4.4,258.076,97.4078,0.65,4.29,0.87,16033.0,2584.590087890625
2020-04-01,1.0,0.5195238095238095,0.43285714285714283,14.8,256.032,84.5619,0.05,4.13,0.66,17065.3,2912.429931640625
2020-05-01,0.0,0.5465,0.5035000000000001,13.2,255.802,85.9604,0.05,3.95,0.67,17932.9,3044.31005859375
2020-06-01,0.0,0.5690909090909091,0.5436363636363637,11.0,257.042,91.5934,0.08,3.64,0.73,18184.3,3100.2900390625
2020-07-01,0.0,0.4968181818181818,0.4754545454545455,10.2,258.352,95.0256,0.09,3.31,0.62,18335.4,3271.1201171875
2020-08-01,0.0,0.5457142857142857,0.5104761904761905,8.4,259.316,95.9549,0.1,3.27,0.65,18411.2,3500.31005859375
2020-09-01,0.0,0.570952380952381,0.5447619047619048,7.8,259.997,95.9669,0.09,3.36,0.68,18602.5,3363.0
2020-10-01,0.0,0.6866666666666666,0.6376190476190476,6.9,260.319,96.7394,0.09,3.44,0.79,18757.6,3269.9599609375
2020-11-01,0.0,0.7789473684210527,0.7042105263157895,6.7,260.911,97.0816,0.09,3.3,0.87,18997.0,3621.6298828125
2020-12-01,0.0,0.8463636363636364,0.7977272727272727,6.7,262.045,98.363,0.09,3.16,0.93,19115.7,3756.070068359375
2021-01-01,0.0,0.9973684210526316,0.9500000000000001,6.4,262.687,98.8822,0.09,3.24,1.08,19379.0,3714.239990234375
2021-02-01,0.0,1.2152631578947368,1.1426315789473684,6.2,263.579,95.6149,0.08,3.42,1.26,19641.8,3811.14990234375
2021-03-01,0.0,1.5795652173913042,1.463913043478261,6.1,264.961,98.3856,0.07,3.74,1.61,19873.2,3972.889892578125
2021-04-01,0.0,1.614090909090909,1.471818181818182,6.1,266.614,98.5587,0.07,3.6,1.64,20175.3,4181.169921875
2021-05-01,0.0,1.6030000000000002,1.466,5.8,268.383,99.4333,0.06,3.62,1.62,20458.8,4204.10986328125
2021-06-01,0.0,1.4831818181818184,1.3163636363636364,5.9,270.654,99.7987,0.08,3.44,1.52,20477.0,4297.5
2021-07-01,0.0,1.266190476190476,1.099047619047619,5.4,271.903,100.2519,0.1,3.24,1.32,20633.2,4395.259765625
2021-08-01,0.0,1.2286363636363637,1.0659090909090911,5.1,272.676,100.0437,0.09,3.24,1.28,20840.6,4522.68017578125
2021-09-01,0.0,1.332857142857143,1.1338095238095238,4.7,273.91,98.8579,0.08,3.23,1.37,20981.0,4307.5400390625
2021-10-01,0.0,1.5305,1.19,4.5,276.55,100.1861,0.08,3.35,1.58,21160.6,4605.3798828125
2021-11-01,0.0,1.508,1.0515,4.1,278.919,100.8654,0.08,3.28,1.56,21335.7,4567.0
2021-12-01,0.0,1.4063636363636363,0.785,3.9,280.845,100.5726,0.08,3.3,1.47,21498.7,4766.18017578125
2022-01-01,0.0,1.6184999999999998,0.7835,4.0,282.543,100.1856,0.08,3.58,1.76,21650.0,4515.5498046875
2022-02-01,0.0,1.6194736842105264,0.49894736842105264,3.9,284.5,100.8064,0.08,3.97,1.93,21724.8,4373.93994140625
2022-03-01,0.0,1.6804347826086956,0.21826086956521737,3.7,287.674,101.3907,0.2,4.29,2.13,21786.9,4530.41015625
2022-04-01,0.0,1.984,0.20950000000000002,3.7,288.561,101.44,0.33,4.66,2.75,21769.4,4131.93017578125
2022-05-01,0.0,1.9052380952380952,0.2814285714285714,3.6,291.298,101.3335,0.77,5.12,2.9,21719.2,4132.14990234375
2022-06-01,0.0,1.6047619047619048,0.14523809523809525,3.6,294.957,101.018,1.21,5.27,3.14,21651.1,3785.3798828125
2022-07-01,0.0,0.5980000000000001,-0.13999999999999999,3.5,294.913,101.223,1.68,5.21,2.9,21652.5,4130.2900390625
2022-08-01,0.0,0.1760869565217391,-0.3521739130434782,3.6,295.097,101.0963,2.33,5.15,2.9,21638.9,3955.0
2022-09-01,0.0,0.29714285714285715,-0.3376190476190476,3.5,296.349,101.2918,2.56,5.69,3.52,21536.7,3585.6201171875
2022-10-01,0.0,0.11099999999999999,-0.3915,3.6,298.007,101.2529,3.08,6.26,3.98,21461.4,3871.97998046875
2022-11-01,0.0,-0.43200000000000005,-0.6125,3.6,298.786,100.9552,3.78,6.07,3.89,21406.3,4080.110107421875
2022-12-01,0.0,-0.741904761904762,-0.6723809523809524,3.5,298.832,99.7664,4.1,5.59,3.62,21290.8,3839.5
2023-01-01,0.0,-1.1560000000000001,-0.6759999999999999,3.5,300.42,100.505,4.33,5.5,3.53,21279.4,4076.60009765625
2023-02-01,0.0,-1.0410526315789475,-0.7868421052631579,3.6,301.45,100.6416,4.57,5.59,3.75,21242.6,3970.14990234375
2023-03-01,0.0,-1.1956521739130435,-0.6395652173913043,3.5,301.821,101.0205,4.65,5.71,3.66,20946.7,4109.31005859375
2023-04-01,0.0,-1.6135000000000002,-0.5559999999999999,3.4,302.845,101.253,4.83,5.53,3.46,20761.3,4169.47998046875
2023-05-01,0.0,-1.7345454545454544,-0.5581818181818181,3.6,303.334,100.9286,5.06,5.77,3.57,20829.6,4179.830078125
2023-06-01,0.0,-1.6676190476190478,-0.8914285714285713,3.6,304.014,100.1196,5.08,5.75,3.75,20799.2,4450.3798828125
2023-07-01,0.0,-1.589,-0.9289999999999999,3.5,304.609,100.9067,5.12,5.74,3.9,20791.1,4588.9599609375
2023-08-01,0.0,-1.391304347826087,-0.7339130434782608,3.7,306.082,100.8393,5.33,6.02,4.17,20777.0,4507.66015625
2023-09-01,0.0,-1.1765,-0.643,3.7,307.276,101.0211,5.33,6.16,4.38,20747.6,4288.0498046875
2023-10-01,0.0,-0.8066666666666668,-0.26952380952380955,3.9,307.696,100.4689,5.33,6.63,4.8,20733.1,4193.7998046875
2023-11-01,0.0,-1.02,-0.3795238095238095,3.7,308.148,100.8639,5.33,6.29,4.5,20746.6,4567.7998046875
2023-12-01,0.0,-1.4220000000000002,-0.437,3.8,308.741,100.6031,5.33,5.64,4.02,20777.9,4769.830078125
2024-01-01,0.0,-1.3957142857142857,-0.2647619047619048,3.7,309.698,99.2223,5.33,5.68,4.06,20843.7,4845.64990234375
2024-02-01,0.0,-1.233,-0.3365,3.9,310.967,100.285,5.33,5.77,4.21,20926.7,5096.27001953125
2024-03-01,0.0,-1.26,-0.3795,3.9,312.345,100.4575,5.33,5.75,4.21,20973.4,5254.35009765625
2024-04-01,0.0,-0.9045454545454544,-0.33409090909090905,3.9,313.023,100.2434,5.33,6.0,4.54,20959.6,5035.68994140625
2024-05-01,0.0,-0.9727272727272727,-0.3740909090909091,3.9,313.175,100.863,5.33,5.95,4.48,21020.6,5277.509765625
2024-06-01,0.0,-1.2010526315789474,-0.431578947368421,4.1,313.044,100.894,5.33,5.82,4.31,21068.4,5460.47998046875
2024-07-01,0.0,-1.1831818181818183,-0.24727272727272728,4.2,313.569,99.9757,5.33,5.84,4.25,21095.3,5522.2998046875
2024-08-01,0.0,-1.4245454545454546,-0.09454545454545454,4.2,314.062,100.4309,5.33,5.6,3.87,21186.7,5648.39990234375
2024-09-01,0.0,-1.1985,0.101,4.1,314.732,99.8084,5.13,5.42,3.72,21269.5,5762.47998046875
2024-10-01,0.0,-0.6227272727272727,0.12318181818181818,4.1,315.631,99.4695,4.83,5.63,4.1,21331.9,5705.4501953125
2024-11-01,0.0,-0.26421052631578945,0.09842105263157895,4.2,316.528,99.2925,4.64,5.78,4.36,21452.2,6032.3798828125
2024-12-01,0.0,0.00047619047619047527,0.1657142857142857,4.1,317.604,100.3273,4.48,5.8,4.39,21485.8,5881.6298828125
2025-01-01,0.0,0.28619047619047616,0.35714285714285715,4.0,318.961,100.0647,4.33,6.08,4.63,21548.1,6040.52978515625
2025-02-01,0.0,0.11894736842105265,0.24105263157894738,4.2,319.679,101.0993,4.33,5.92,4.45,21613.4,5954.5
2025-03-01,0.0,-0.05523809523809523,0.31047619047619046,4.2,319.785,101.0404,4.33,5.93,4.28,21693.6,5611.85009765625
2025-04-01,0.0,-0.043333333333333335,0.5014285714285714,4.2,320.302,101.1279,4.33,6.18,4.28,21775.8,5569.06005859375
2025-05-01,0.0,0.062380952380952384,0.5038095238095238,4.3,320.62,100.9655,4.33,6.29,4.42,21833.9,5911.68994140625
2025-06-01,0.0,-0.0375,0.49450000000000005,4.1,321.435,101.4785,4.33,6.15,4.38,21938.7,6204.9501953125
2025-07-01,0.0,-0.020454545454545454,0.5095454545454546,4.3,322.169,101.894,4.33,6.1,4.39,22020.4,6339.39013671875
2025-08-01,0.0,-0.04,0.5609523809523809,4.3,323.291,101.6247,4.33,6.0,4.26,22087.1,6460.259765625
2025-09-01,0.0,0.054761904761904755,0.5519047619047619,4.4,324.245,101.668,4.22,5.83,4.12,22170.4,6688.4599609375
2025-10-01,0.0,0.08409090909090909,0.5404545454545455,,,101.2195,4.09,5.74,4.06,22245.1,6840.2001953125
2025-11-01,0.0,0.15666666666666665,0.543888888888889,4.5,325.063,101.0344,3.88,5.86,4.09,22277.3,6849.08984375
2025-12-01,0.0,0.4636363636363636,0.6422727272727273,4.4,326.031,101.4941,3.72,5.9,4.14,22353.4,6845.5
2026-01-01,0.0,0.548,0.6765,4.3,326.588,101.1235,3.64,5.88,4.21,22429.3,6939.02978515625
2026-02-01,0.0,0.4378947368421053,0.6542105263157895,4.4,327.46,101.9493,3.64,5.81,4.13,22626.9,6878.8798828125
2026-03-01,0.0,0.5268181818181819,0.5313636363636364,4.3,330.293,101.6273,3.64,6.04,4.25,22686.2,6528.52001953125
2026-04-01,0.0,0.6227272727272727,0.52,4.3,332.407,102.509,3.64,6.03,4.32,22804.5,7209.009765625
2026-05-01,0.0,0.7985,0.489,4.3,333.979,102.6475,3.63,6.1,4.48,23052.3,7580.06005859375
