DATE,actual_USREC,actual_target,prob_probit,prob_lr,prob_rf,prob_xgb,prob_lgb,prob_stack
2006-01-01,0.0,0.0,0.1623579371794186,0.0029339294900702674,0.009553120165732292,0.01349681,0.008332457594264568,0.025920130961001223
2006-02-01,0.0,0.0,0.1269250988050905,0.005658756691683132,0.009033639646251772,0.013876868,0.008332457594264568,0.026174850543582703
2006-03-01,0.0,0.0,0.1374823427990745,0.00452495291387529,0.009033639646251772,0.016123315,0.013156801236253861,0.026166341513413027
2006-04-01,0.0,0.0,0.12606735823469833,0.010663049238700343,0.009033639646251772,0.010857766,0.008332457594264568,0.02663687020974165
2006-05-01,0.0,0.0,0.13491728362761624,0.036525747668058585,0.020923947574706815,0.012922815,0.008332457594264568,0.02975478850028272
2006-06-01,0.0,0.0,0.1134526542411311,0.0409978585791915,0.010700306312918439,0.012922815,0.008332457594264568,0.029913805327416193
2006-07-01,0.0,0.0,0.1525828323405859,0.081333752482686,0.030543655330640646,0.016123315,0.013156801236253861,0.03567903233509805
2006-08-01,0.0,0.0,0.2310404972079792,0.08868530563252881,0.048936006350381624,0.027291352,0.018718949319279553,0.03773434834997294
2006-09-01,0.0,0.0,0.22586678606267646,0.020723209075071396,0.030260465675468234,0.016677171,0.013156801236253861,0.028471425050204384
2006-10-01,0.0,0.0,0.25920734508276033,0.005448416911137304,0.013569537082149207,0.04587169,0.03419553660957464,0.02710228550508093
2006-11-01,0.0,0.0,0.27375487432132295,0.006556058555709682,0.011902870415482542,0.059298415,0.03820421641485366,0.0273515779813273
2006-12-01,0.0,0.0,0.2725982232829347,0.006500103465960737,0.03196746081304507,0.014177344,0.013203701459864693,0.027081657740309257
2007-01-01,0.0,0.0,0.18097178548464682,0.009164972019887821,0.10395679355648971,0.040198103,0.026538081971561007,0.028953949203200314
2007-02-01,0.0,0.0,0.20631730838404067,0.007099722797790606,0.21676209746563802,0.028580992,0.02914819015407954,0.0317003100812177
2007-03-01,0.0,0.0,0.30445329675505817,0.03737299638105495,0.1845740598944033,0.027611215,0.049612271707373395,0.034784013212177056
2007-04-01,0.0,0.0,0.24135164751068322,0.032703734791136106,0.17094194305222468,0.027611215,0.047880367431379245,0.033623729393422286
2007-05-01,0.0,0.0,0.16016266367086818,0.04458865392549485,0.16984424965870548,0.04152129,0.03280069168347772,0.035534629181504115
2007-06-01,0.0,0.0,0.08378881023981011,0.13569377588036752,0.2323021441076353,0.053719938,0.0430313586828257,0.053682269119280875
2007-07-01,0.0,0.0,0.1754416652199332,0.216078393232731,0.24477769642006217,0.24812241,0.2619332828742718,0.09968600533225079
2007-08-01,0.0,0.0,0.18325087343655655,0.21860773991938712,0.3153040664272932,0.24812241,0.30328759583622633,0.10171277353938721
2007-09-01,0.0,0.0,0.19227341416874638,0.2641763032744887,0.31026562931786217,0.3659242,0.49116784294900523,0.1516728403146776
2007-10-01,0.0,1.0,0.19633092324382645,0.2084837413848397,0.3342456297855507,0.26115268,0.45826463681450874,0.11593820013199105
2007-11-01,0.0,1.0,0.2424109943315763,0.6230050648957178,0.4358423117612967,0.6184379,0.7752850203492945,0.5451964577455356
2007-12-01,0.0,1.0,0.26141371231954597,0.6615057693256163,0.39522544777309015,0.6184379,0.7752850203492945,0.5729653258427027
2008-01-01,1.0,1.0,0.40672731719064625,0.661428749750563,0.5081922263743472,0.43072447,0.23775728655868056,0.4613071857470136
2008-02-01,1.0,1.0,0.44713017904502506,0.8903701246772527,0.5869869880929492,0.43072447,0.2540192301221744,0.6775559703641845
2008-03-01,1.0,1.0,0.33314559604628824,0.8315753659270161,0.5937667640557586,0.43072447,0.35716843833793016,0.6467791706293783
2008-04-01,1.0,1.0,0.19480548491796934,0.3511354656240256,0.4918342864001388,0.26959613,0.3086169685881896,0.1888438037896401
2008-05-01,1.0,1.0,0.15711832458446812,0.3933475228829136,0.5160250517723854,0.33124623,0.3750289290148375,0.22354049186295902
2008-06-01,1.0,1.0,0.10399608308745778,0.5479623710540307,0.41576888006159346,0.8209592,0.9079978552884244,0.5911912922081646
2008-07-01,1.0,1.0,0.11712632057219963,0.8395193978569814,0.5104846488477407,0.81426054,0.9020588940586949,0.8229180808649177
2008-08-01,1.0,1.0,0.17703310751965412,0.6426241565575014,0.43094832025932034,0.029726917,0.01626699486097646,0.28534986032687887
2008-09-01,1.0,1.0,0.17543694812359317,0.8380798525510987,0.29251891121384177,0.01821732,0.005821409619131839,0.42767783182244257
2008-10-01,1.0,1.0,0.4764392718407448,0.9643531001467243,0.3860285386118478,0.009754621,0.01572125322357613,0.5620459097606733
2008-11-01,1.0,1.0,0.578747830656282,0.2769345643705049,0.3677282790966396,0.030291282,0.006709144289075678,0.08581351579800364
2008-12-01,1.0,1.0,0.678662690046991,0.014732751531837087,0.3195607251557512,0.007826539,0.002668410230790672,0.031676335762156255
2009-01-01,1.0,1.0,0.9301802845632481,0.15952346423992278,0.5154843562896039,0.020347618,0.21080640704097361,0.08878573933943944
2009-02-01,1.0,1.0,0.8560781537264486,0.08625985657846133,0.4539838171622992,0.019077826,0.1124377669556363,0.0681895673142894
2009-03-01,1.0,1.0,0.9072495808151273,0.10512055213592604,0.45726422850380183,0.023100743,0.24464097224295991,0.07225987386699324
2009-04-01,1.0,1.0,0.8696582007640277,0.04680359014735495,0.45553982166789664,0.018674111,0.03670101488112714,0.05963323781884015
2009-05-01,1.0,1.0,0.698144188076955,0.043889056013136966,0.4591494166491264,0.014540607,0.04427037966059222,0.05873246702467524
2009-06-01,1.0,0.0,0.27893931866080635,0.03562067579448845,0.4430969579473206,0.024647368,0.052317160013383796,0.05618072232414347
2009-07-01,0.0,0.0,0.25500294637281784,0.002265377419399563,0.4002018632502952,0.0077688503,0.0031012396205386578,0.04903637079160398
2009-08-01,0.0,0.0,0.10224233120729542,0.0002413366366971976,0.2979522464881632,0.0048134746,0.0035094021707665476,0.04652919496938405
2009-09-01,0.0,0.0,0.10102251839417187,0.0003563012745438224,0.27187463072986856,0.003840031,0.0028931057571803492,0.045996827441441686
2009-10-01,0.0,0.0,0.08811990334904557,0.00019259622150060717,0.30641265968349607,0.003405872,0.0033967074632950682,0.046606049228907966
2009-11-01,0.0,0.0,0.11847284905145083,0.00022190464396961516,0.22404742506841566,0.003495354,0.0022039422261554637,0.045048922867273314
2009-12-01,0.0,0.0,0.08828868984178917,0.00020646422090996969,0.22466487494722165,0.003238659,0.002406185976241114,0.04504705146925028
2010-01-01,0.0,0.0,0.03808612696237547,0.00033489314879168113,0.15397536304796647,0.0041101654,0.00593970862746023,0.052266974942041015
2010-02-01,0.0,0.0,0.062377670767267315,0.0002507356693152065,0.15351983460934593,0.0037346804,0.00593970862746023,0.05222060547252937
2010-03-01,0.0,0.0,0.04250235601478719,0.00012137541416213645,0.1213276132374428,0.0037346804,0.0049074370825536815,0.050607867571416165
2010-04-01,0.0,0.0,0.026079799643646134,6.108657980609476e-05,0.12428358808021009,0.0037346804,0.0054619066663737425,0.05072219373514616
2010-05-01,0.0,0.0,0.06930926767481155,2.94963072415641e-05,0.12188907135571064,0.0035878771,0.003659300756486459,0.050638795988041434
2010-06-01,0.0,0.0,0.16249455253757678,6.659377608502585e-05,0.1366534886866575,0.003690354,0.0037915409663553524,0.0513859341022596
2010-07-01,0.0,0.0,0.18296515993038137,6.807925077353968e-05,0.11728141524963531,0.0040067406,0.00386947626464768,0.05042940797639951
2010-08-01,0.0,0.0,0.18322439231133736,0.0002740296328514305,0.13802397814489184,0.0040067406,0.004280368993655199,0.05149317986697214
2010-09-01,0.0,0.0,0.20589310854246795,0.00036995200294645715,0.12990042723635156,0.0040067406,0.0028545966606944684,0.05114616704943919
2010-10-01,0.0,0.0,0.2893029169766178,0.0003824071550122552,0.16261271597140575,0.0045773108,0.0030613535459819868,0.05281364406293637
2010-11-01,0.0,0.0,0.24634330110869335,0.0022661141095014874,0.1878996464010918,0.007311446,0.02473910051355153,0.053607621224134934
2010-12-01,0.0,0.0,0.14109817109867673,0.00023132991110414187,0.13972033592897723,0.003690354,0.0022465291760739776,0.05162569964950894
2011-01-01,0.0,0.0,0.07469744188631268,0.0006964552275895106,0.06254478682243998,0.0026054457,0.0010826146322348502,0.042739256265244385
2011-02-01,0.0,0.0,0.045574301316572766,0.0003333719892597841,0.06367326415941077,0.0037172453,0.001681155349111636,0.042755675378289296
2011-03-01,0.0,0.0,0.053927573112838294,0.0006106020997831254,0.025898378872055764,0.0040178653,0.001681155349111636,0.04055292766551015
2011-04-01,0.0,0.0,0.039769033520407795,0.0013711296358521624,0.04067573487843844,0.0037904799,0.0018995054813329385,0.04155843812965037
2011-05-01,0.0,0.0,0.058956244424556575,0.0006313876201952675,0.033107679204892604,0.0035600164,0.001800229183546244,0.04096760118156452
2011-06-01,0.0,0.0,0.09142005168768108,0.0006988210921827678,0.04365381681045643,0.0035759197,0.0018995054813329385,0.04160776019887252
2011-07-01,0.0,0.0,0.09760654196713014,0.00022177160026824107,0.032653133750347146,0.0028992032,0.0013987356183091091,0.0408632393535663
2011-08-01,0.0,0.0,0.18966492109506056,0.00038226331043460915,0.07618480269822688,0.0028655312,0.002247673185434817,0.043522016169833894
2011-09-01,0.0,0.0,0.26089178182952627,0.003352416951415223,0.12249416225651644,0.0032016966,0.0028981121807986937,0.04710999139941453
2011-10-01,0.0,0.0,0.2381344234078439,0.0013079349872228405,0.10988485247146981,0.0029183617,0.003223463091465357,0.045849765063785165
2011-11-01,0.0,0.0,0.2252882275345598,0.0012539670699407252,0.10036048879032582,0.0027453494,0.003223463091465357,0.04521545297448262
2011-12-01,0.0,0.0,0.27861910509156274,0.0010387724624033316,0.07180173184963458,0.0030119382,0.003223463091465357,0.04337225115780216
2012-01-01,0.0,0.0,0.23595905539597456,0.00032915938043874034,0.019371386555943622,0.0025888705,0.0008011712196735539,0.03797804836555077
2012-02-01,0.0,0.0,0.20959527833875702,0.000609172452618178,0.023621639848750108,0.0025888705,0.0008011712196735539,0.03828320009571486
2012-03-01,0.0,0.0,0.17214795875746025,0.0007784667483045811,0.015532012086557814,0.0042623635,0.0012958237819522382,0.037847401437039734
2012-04-01,0.0,0.0,0.2045748978755263,0.0006742166848022144,0.019584152513390428,0.0046014925,0.0012443815294632947,0.0380793312099503
2012-05-01,0.0,0.0,0.24869080340471383,0.0011976655877982436,0.010250819180057104,0.008551572,0.0010936833859613187,0.037662380059433335
2012-06-01,0.0,0.0,0.29404137696409927,0.0010629718223609417,0.016097166523102908,0.004820087,0.0008076468096534456,0.03794104268370379
2012-07-01,0.0,0.0,0.2814601134391743,0.0010638164436044377,0.020669258896369166,0.0060202796,0.001344171524999738,0.03822997472056459
2012-08-01,0.0,0.0,0.24847554476181594,0.002602589077730416,0.03315596558733102,0.0026631295,0.0022703293505067137,0.03919943538504608
2012-09-01,0.0,0.0,0.24002400612414854,0.0012809586745164319,0.014067739139530258,0.002262528,0.001703771075358649,0.03781260259802194
2012-10-01,0.0,0.0,0.14847572160051875,0.001002643849001002,0.010252268455419425,0.0042623635,0.0023134634013918056,0.037554684953844356
2012-11-01,0.0,0.0,0.16232485555145787,0.0006489819771310947,0.009817485846723772,0.0018695368,0.0010100583614899355,0.03744867913103636
2012-12-01,0.0,0.0,0.16076651516848012,0.0016007432027341242,0.009817485846723772,0.0018695368,0.0010100583614899355,0.037606856426105194
2013-01-01,0.0,0.0,0.0861659872071871,0.004804634913910935,0.000737822617877019,0.0016035518,0.000964712935268819,0.03410053398113001
2013-02-01,0.0,0.0,0.11757948892116915,0.004177582214488743,0.000737822617877019,0.0017317045,0.001403919941069813,0.034017719978221485
2013-03-01,0.0,0.0,0.13679701760936192,0.001183044362110604,0.04394148702081986,0.0017317045,0.001403919941069813,0.037290536771305026
2013-04-01,0.0,0.0,0.1135053587222743,0.0007484741741434068,0.040641048424328634,0.0016035518,0.000964712935268819,0.03693537149707157
2013-05-01,0.0,0.0,0.11255490314962707,0.001028238841873271,0.040641048424328634,0.0017916297,0.001367704650227122,0.03697530872879565
2013-06-01,0.0,0.0,0.12780076367922483,0.006093929206007089,0.06264104842432863,0.0028333312,0.00276833061740256,0.03973799006581947
2013-07-01,0.0,0.0,0.11067233689766409,0.005434415265606918,0.10010484032071439,0.0032731753,0.004042403855703842,0.043333218717762134
2013-08-01,0.0,0.0,0.10609297438542586,0.0034725981148346612,0.07810484032071438,0.0032195142,0.002965429303037036,0.04081414490473884
2013-09-01,0.0,0.0,0.09576126256953321,0.0021098612344188335,0.04691208366103165,0.0021110675,0.0013895733791713526,0.0376901764797747
2013-10-01,0.0,0.0,0.10929899356382439,0.0013709851224962537,0.051217639216587216,0.0023268745,0.001131725049741439,0.0379711092192581
2013-11-01,0.0,0.0,0.13126224596633013,0.0012126296661523843,0.07566208366103165,0.0018270994,0.001131725049741439,0.0402277062317333
2013-12-01,0.0,0.0,0.10483150444782291,0.0005025190359101159,0.0505727890386631,0.0025706738,0.0024158735969475303,0.03778608984559161
2014-01-01,0.0,0.0,0.061967304490545654,0.00037861686850244056,0.010320342446953517,0.0023266398,0.0017098365175723716,0.035428852148383344
2014-02-01,0.0,0.0,0.06955043076048043,0.00024244136654235623,0.010217109913064048,0.0018670355,0.0010913288516818877,0.03540008118457564
2014-03-01,0.0,0.0,0.0584426762075617,0.00023065373551384695,0.03506358718487937,0.0018670355,0.0010423960647881778,0.03727080664188985
2014-04-01,0.0,0.0,0.0592751554977713,0.00015484029368597387,0.0412704837366035,0.0018670355,0.0010423960647881778,0.037741894078828574
2014-05-01,0.0,0.0,0.05721104672894468,0.00029193422885464925,0.04510895417595803,0.0018670355,0.0010423960647881778,0.038065413755097754
2014-06-01,0.0,0.0,0.06321066186525579,0.0001321346321467878,0.04754642900929882,0.0015842317,0.0007512197141952223,0.038233441980268575
2014-07-01,0.0,0.0,0.05385640829627115,0.0002475658314428994,0.04754642900929882,0.0015842317,0.0007512197141952223,0.0382510476877121
2014-08-01,0.0,0.0,0.0713661181072145,0.00023104217298619415,0.04488960606468621,0.0016835275,0.0008988417871050481,0.03803995270518526
2014-09-01,0.0,0.0,0.07568138977631214,0.00017099959801171563,0.04478637353079675,0.0016835275,0.0008988417871050481,0.03802271163035402
2014-10-01,0.0,0.0,0.11987221815314658,0.00016463631939843106,0.04478637353079675,0.0016835275,0.0008988417871050481,0.03802174645826341
2014-11-01,0.0,0.0,0.12076395916737503,0.00015699310144943898,0.04478637353079675,0.0015842317,0.0007512197141952223,0.03801928651842483
2014-12-01,0.0,0.0,0.14317551997203515,8.156392274775675e-05,0.04513120111700363,0.0016902648,0.0010706241891752634,0.03803539178723535
2015-01-01,0.0,0.0,0.14301435952135017,0.00014184154775523665,0.04690882735125447,0.0033025336,0.0018152147980156964,0.03623798509032815
2015-02-01,0.0,0.0,0.1426708697948551,0.00014280992986223518,0.11561845296916666,0.004948277,0.0029152812115226614,0.041465883655748034
2015-03-01,0.0,0.0,0.1418952904213875,0.0005529798299861822,0.10503380550057809,0.0062605836,0.012301761675025823,0.04080399490829243
2015-04-01,0.0,0.0,0.1615991265374322,0.001154990369473314,0.1267818137553208,0.0067560454,0.006536793601607364,0.04258295604304327
2015-05-01,0.0,0.0,0.17686177059871494,0.006081230372596362,0.19144223037972208,0.008792248,0.012301761675025823,0.0493492491342199
2015-06-01,0.0,0.0,0.2249134743570983,0.005586143141912573,0.18844394737067113,0.008792248,0.012301761675025823,0.04896454966589004
2015-07-01,0.0,0.0,0.28288811087012855,0.0038188710867804246,0.05981507455399643,0.0054560397,0.0024616356019265305,0.037711520928449
2015-08-01,0.0,0.0,0.35886265079810725,0.0041950071563804665,0.016123852218078577,0.005797959,0.0033638109026179874,0.03464948088423952
2015-09-01,0.0,0.0,0.4312314356590371,0.0034495060158567822,0.025477305782058472,0.0070505063,0.009212963172296433,0.03528731181184344
2015-10-01,0.0,0.0,0.48727767043322767,0.006408809103478882,0.045646347880848995,0.023520352,0.027302635090082787,0.0371518388483674
2015-11-01,0.0,0.0,0.4208954657606146,0.00661911601662578,0.1509866490419137,0.017928474,0.011471990196129062,0.0455936502866241
2015-12-01,0.0,0.0,0.4477102233306831,0.005293940566473344,0.14158943051212153,0.017928474,0.011471990196129062,0.044524988401201136
2016-01-01,0.0,0.0,0.5241323714986945,0.002288112763702997,0.03577395055937843,0.02579965,0.023114427842148413,0.03613999763468808
2016-02-01,0.0,0.0,0.6416083598141613,0.005234628713022105,0.15078235521803854,0.040886704,0.06867055735161659,0.04559513166842308
2016-03-01,0.0,0.0,0.4590743557883216,0.0036442660976820753,0.059594828932015835,0.049391363,0.05470236816211613,0.03806292326558109
2016-04-01,0.0,0.0,0.3352868526901286,0.0035394385183019753,0.05446257209850555,0.03932727,0.02189470451784231,0.0376826091620681
2016-05-01,0.0,0.0,0.3283970758103693,0.0012481131436189825,0.012268752336862872,0.014463111,0.014007844195269755,0.03436129646115772
2016-06-01,0.0,0.0,0.33920841920064815,0.001765388566919003,0.009341316280116474,0.010238779,0.00799887127771677,0.03422015432694213
2016-07-01,0.0,0.0,0.2969596342726753,0.0006638786878993167,0.01219116612996632,0.014177924,0.014118697961556277,0.03427285569767339
2016-08-01,0.0,0.0,0.2613094544313266,0.001931313162890395,0.012268752336862872,0.014177924,0.014118697961556277,0.03445921109222357
2016-09-01,0.0,0.0,0.2439355237176371,0.003011182794397162,0.022191166129966317,0.011225301,0.010975394089735972,0.03525956963735631
2016-10-01,0.0,0.0,0.2267823071902616,0.003751705333230935,0.009341316280116474,0.014177924,0.01757729820400502,0.03453718558522125
2016-11-01,0.0,0.0,0.22045228517265036,0.005181169999299724,0.009769954971101924,0.014463111,0.014118697961556277,0.034762423499030935
2016-12-01,0.0,0.0,0.13245604041326814,0.002996015000791405,0.010603462391270673,0.014177924,0.014118697961556277,0.03450237484613294
2017-01-01,0.0,0.0,0.0898834058510053,0.003336309516498901,0.010858230448977456,0.0105902655,0.011970333679351972,0.033476309185768646
2017-02-01,0.0,0.0,0.09396395778528077,0.0036060107522667886,0.010858230448977456,0.011288611,0.00968960412489932,0.033495460589761356
2017-03-01,0.0,0.0,0.11042954983943498,0.0010041154470809878,0.010858230448977456,0.0105902655,0.008381749240308116,0.03313475245159093
2017-04-01,0.0,0.0,0.1404241328520356,0.0006033371840105649,0.009894375027290707,0.009689831,0.00799371706208982,0.03301389394761742
2017-05-01,0.0,0.0,0.1405523962701582,0.0006104459242556183,0.009894375027290707,0.009689831,0.00799371706208982,0.03301487416274826
2017-06-01,0.0,0.0,0.13987029511844956,0.0004496815509023765,0.009894375027290707,0.009689831,0.00799371706208982,0.03299271343719426
2017-07-01,0.0,0.0,0.11964309095739101,0.0009240569235829811,0.009894375027290707,0.0105902655,0.008381749240308116,0.03306574118973435
2017-08-01,0.0,0.0,0.11990532551823468,0.0020790269627619738,0.009894375027290707,0.011078396,0.008381749240308116,0.03322476219567496
2017-09-01,0.0,0.0,0.12331433210550108,0.002594203214032332,0.009894375027290707,0.0105902655,0.008381749240308116,0.033297160021839446
2017-10-01,0.0,0.0,0.09167373942951967,0.0006453962285015658,0.009894375027290707,0.009689831,0.00799371706208982,0.03301969382450411
2017-11-01,0.0,0.0,0.08806519271016316,0.0007471589550380609,0.009894375027290707,0.009689831,0.00799371706208982,0.033033730817802094
2017-12-01,0.0,0.0,0.07416325504251955,0.0007034471280386516,0.009894375027290707,0.009689831,0.00934653837993642,0.03306814218843456
2018-01-01,0.0,0.0,0.046414221247218654,0.0011269580280859883,0.008905500696211916,0.010189958,0.008403729689044997,0.03280117957903849
2018-02-01,0.0,0.0,0.04012371956622581,0.0037569505016735298,0.009587318878030097,0.017408334,0.013171116127925382,0.033214692281540635
2018-03-01,0.0,0.0,0.06274634843705935,0.0026109928678684623,0.008905500696211916,0.014517804,0.010756381684491214,0.033001225114973554
2018-04-01,0.0,0.0,0.06129771795998249,0.0018617075264048876,0.008905500696211916,0.009497966,0.007862684542153893,0.03289890805869536
2018-05-01,0.0,0.0,0.0741633194597249,0.0046860146107226405,0.008144018005510732,0.014517804,0.010756381684491214,0.033245120808552533
2018-06-01,0.0,0.0,0.08005079327756753,0.006330677398675995,0.008905500696211916,0.017811162,0.013523759214739218,0.03351397480580575
2018-07-01,0.0,0.0,0.0855621906599352,0.003569280642472741,0.008905500696211916,0.017408334,0.013171116127925382,0.033147181912677647
2018-08-01,0.0,0.0,0.08652937032125807,0.002058802487082556,0.009587318878030097,0.009497966,0.007862684542153893,0.03296724071627966
2018-09-01,0.0,0.0,0.08793148898804509,0.002482456605758315,0.009587318878030097,0.014517804,0.010756381684491214,0.03302437228927537
2018-10-01,0.0,0.0,0.09216199843875666,0.014978416924045598,0.009428588719299939,0.014517804,0.010756381684491214,0.03480002391042572
2018-11-01,0.0,0.0,0.1369546335236025,0.014218647866168192,0.017775724675131544,0.020239182,0.01580868508417315,0.035245921387280145
2018-12-01,0.0,0.0,0.21475350242668118,0.031857042905865565,0.03978380063692355,0.024797775,0.027418283978378335,0.0395940616300702
2019-01-01,0.0,0.0,0.2533695826767009,0.039270831616842125,0.022481230462347027,0.030304559,0.03352718510617202,0.03895375207009717
2019-02-01,0.0,0.0,0.23007678410591303,0.02102823164374566,0.009786640578756103,0.0770274,0.06090688283878496,0.03562015868776523
2019-03-01,0.0,0.0,0.24778181612710415,0.029970667468675074,0.01813542939451278,0.031403866,0.06090688283878496,0.03733842009788503
2019-04-01,0.0,0.0,0.22794191435836703,0.018388610381463857,0.008782615541698931,0.031403866,0.038808168137576954,0.03478229375278138
2019-05-01,0.0,0.0,0.2733038605721338,0.021475202712821394,0.019446229705313095,0.021496754,0.019041163671965854,0.03584612257248217
2019-06-01,0.0,0.0,0.3681914990369525,0.017307149171037504,0.013248434664433584,0.02497211,0.019041163671965854,0.034791695062873364
2019-07-01,0.0,0.0,0.2790987839340372,0.020635934245453673,0.013248434664433584,0.02497211,0.02539542713752882,0.03537685293349827
2019-08-01,0.0,0.0,0.3219720428147118,0.015963282938839307,0.013949005499929173,0.035488006,0.036122464731106495,0.034789707228784425
2019-09-01,0.0,0.0,0.2958621509008772,0.01964389813601217,0.013736239542482365,0.035488006,0.036122464731106495,0.035316088930579775
2019-10-01,0.0,0.0,0.25632807182853723,0.03313017183938216,0.04152801134293515,0.035488006,0.036122464731106495,0.039460764568216164
2019-11-01,0.0,0.0,0.20311302764404654,0.02097067761922149,0.038234536358710484,0.025765557,0.02236447527341603,0.03708528458187674
2019-12-01,0.0,1.0,0.1688752515094618,0.027408246334334807,0.06112593450471702,0.03268297,0.02236447527341603,0.03982954879622281
2020-01-01,0.0,1.0,0.13887390890072376,0.026981534011119558,0.050715639944510366,0.0320685,0.021857024491804322,0.03753994586965249
2020-02-01,0.0,1.0,0.18968093066171504,0.0475875974271898,0.07549457284285259,0.054990407,0.0646422341242648,0.04323360225085929
2020-03-01,1.0,1.0,0.5522768011576898,0.9771085904751221,0.6919707224787427,0.82805014,0.9107930906714607,0.9271496228361938
2020-04-01,1.0,0.0,0.02363278777473247,0.9999999999996467,0.7549299832230605,0.82805014,0.9107930906714607,0.94086382275335
2020-05-01,0.0,0.0,0.033083452549946914,0.9985846057638904,0.5443954843246582,0.8122734,0.8616282671969702,0.9124732249184945
2020-06-01,0.0,0.0,0.03919245283019761,0.21812737565791376,0.5106114362977746,0.67692643,0.7798406217847982,0.22002847206420767
2020-07-01,0.0,0.0,0.03492931638968365,0.00047306670920474686,0.3025222625232656,0.2613436,0.4172973854004601,0.05964232988081786
2020-08-01,0.0,0.0,0.06467968112530713,0.0006314570822726406,0.2644061777462463,0.20879588,0.25856549044786914,0.05379187194453099
2020-09-01,0.0,0.0,0.09216161700514436,0.015830236573868357,0.237565784804452,0.19421802,0.2372343707611589,0.05432962187680696
2020-10-01,0.0,0.0,0.11708586357405809,0.0006608043847751881,0.14051548275082326,0.15265645,0.18869087422385242,0.04206551414097931
2020-11-01,0.0,0.0,0.08119320041154332,0.0033524593244778416,0.11235897372541073,0.0729914,0.11383160656148596,0.03872792877665685
2020-12-01,0.0,0.0,0.05389982408232818,0.013538557295041201,0.10665152325888685,0.0729914,0.08355696001613014,0.04004687173231432
2021-01-01,0.0,0.0,0.05276323298749832,0.05626346402686994,0.14863847571305322,0.010703897,0.01127428678223763,0.054161031177795665
2021-02-01,0.0,0.0,0.05502028051443354,0.24730922346291598,0.2860423934473231,0.076503724,0.1716045089417677,0.14606601410336964
2021-03-01,0.0,0.0,0.04886684197659133,0.025642652359495824,0.251303192014546,0.0083992295,0.03344516944071329,0.06184431552018569
2021-04-01,0.0,0.0,0.03225327516434126,0.009694041088350702,0.2297570706076609,0.015482694,0.06215455486363338,0.05593489453047204
2021-05-01,0.0,0.0,0.04217002772704631,0.011191030703063223,0.22647147175889215,0.0041457713,0.008284996854703882,0.05520319443642609
2021-06-01,0.0,0.0,0.033243257493194754,0.048651266901875066,0.21963635213170535,0.0033163477,0.0039663726305540475,0.06172607031958259
2021-07-01,0.0,0.0,0.04603034122418488,0.05492022571862153,0.16644447275118965,0.0040397733,0.005079334857484053,0.055900381236318554
2021-08-01,0.0,0.0,0.059419605970461815,0.04351959020584297,0.14605582558674193,0.0036029748,0.002393555572656886,0.05124401139483878
2021-09-01,0.0,0.0,0.05639521050214646,0.08895202116243364,0.21876334007377032,0.0075482875,0.017760769841992756,0.0709094881365612
2021-10-01,0.0,0.0,0.044548776022973836,0.04114041847718648,0.21714344435488037,0.0028883612,0.01003491226189461,0.059866987489508035
2021-11-01,0.0,0.0,0.04555978696043465,0.08699952307819972,0.20714344435488038,0.0028883612,0.002420717651732,0.06828466421484856
2021-12-01,0.0,0.0,0.05808555917129718,0.1810061815860504,0.2163742135856496,0.0032576788,0.002433153361475796,0.0953290601351759
2022-01-01,0.0,0.0,0.043869579634850664,0.21431265679940822,0.09685169340510585,0.004296005,0.004094483111165796,0.08008474045692969
2022-02-01,0.0,0.0,0.062404711829218015,0.3140411059767232,0.10966330989107184,0.0056275483,0.004106275336563278,0.11253949362494806
2022-03-01,0.0,0.0,0.0710398895121918,0.35000821399557713,0.10438340950446806,0.004706201,0.0016237241839152624,0.12494787384527536
2022-04-01,0.0,0.0,0.030724152965500545,0.4578642923529086,0.12297988113807932,0.005081515,0.002989173680430548,0.17773391883545467
2022-05-01,0.0,0.0,0.07304668848431772,0.699357085021438,0.1306816622554327,0.0056275483,0.007783406327995486,0.3416632553781589
2022-06-01,0.0,0.0,0.07150508233768761,0.8344535981437727,0.12998707490250333,0.012227169,0.01893179572704729,0.46136234282238114
2022-07-01,0.0,0.0,0.18324707526104,0.5944022662533985,0.1383173089141301,0.008083683,0.008626032220623475,0.26539288981297743
2022-08-01,0.0,0.0,0.18932024799190794,0.20067107052855376,0.1129468052293958,0.012227169,0.01062920568148279,0.07875321922270749
2022-09-01,0.0,0.0,0.16171731865523287,0.35953664681611974,0.1309514039371306,0.011905729,0.01517642201300468,0.13431814957475519
2022-10-01,0.0,0.0,0.20251744516230585,0.23406908876089483,0.10326933893235461,0.009590697,0.01062920568148279,0.08770403292120488
2022-11-01,0.0,0.0,0.21843234842879872,0.099811113450258,0.08525348193523778,0.0073658084,0.01062920568148279,0.053896864302620036
2022-12-01,0.0,0.0,0.19401207261591208,0.10267747901173004,0.12149385827484263,0.01331957,0.015424597821176072,0.05766309766304719
2023-01-01,0.0,0.0,0.24061875505692965,0.007088697540517191,0.07328039623841953,0.018124476,0.01630208313558459,0.039358862995581036
2023-02-01,0.0,0.0,0.1652116809885943,0.015946011537025555,0.11455206244649213,0.0051093064,0.00824102145831832,0.04219839521767527
2023-03-01,0.0,0.0,0.27979640704548797,0.11158690670520516,0.1650757758963798,0.004353504,0.005019354526903049,0.06109493337403727
2023-04-01,0.0,0.0,0.3855277966292317,0.07060324326691826,0.1728673293042123,0.0025380864,0.003502427705553962,0.05409096524690259
2023-05-01,0.0,0.0,0.4433130754442625,0.08050288349781878,0.18955767428478207,0.007108177,0.009790152047038475,0.05725346900198558
2023-06-01,0.0,0.0,0.29781482932476455,0.03930805673537255,0.20332909319557818,0.012877118,0.023128958711735526,0.05159448675346437
2023-07-01,0.0,0.0,0.23211863900949642,0.11853686883598248,0.24107151829534743,0.0075462232,0.016418262311439467,0.06906512320332873
2023-08-01,0.0,0.0,0.21503043162009577,0.3144831734208835,0.23225293466449667,0.21658295,0.12430252503181938,0.14270935368180407
2023-09-01,0.0,0.0,0.17521067991147632,0.4822336074959695,0.22021482971039852,0.0181612,0.02126465248384776,0.1985288998095491
2023-10-01,0.0,0.0,0.168611709327048,0.9099350924401632,0.41474281532695506,0.12588428,0.7083988167436814,0.6447526852552069
2023-11-01,0.0,0.0,0.1865303681232397,0.7484114454688329,0.29462717403182365,0.09164778,0.12328521128411023,0.42238514909366376
2023-12-01,0.0,0.0,0.1789147704821854,0.5916683124924389,0.2832712558063821,0.102664806,0.17241243841655887,0.30400097321846653
2024-01-01,0.0,0.0,0.12639209933936607,0.6489834331703819,0.16447995306393548,0.08004423,0.12752737456074073,0.29555932199981155
2024-02-01,0.0,0.0,0.0894357284617055,0.22347167827628847,0.11612161218337237,0.04648343,0.08305654516250667,0.08341651881861209
2024-03-01,0.0,0.0,0.08520769919540067,0.2327429750492496,0.10860177091353114,0.039735775,0.08658248922745479,0.08451037472271561
2024-04-01,0.0,0.0,0.058147397372541175,0.1958746442361409,0.11607280312971131,0.027171733,0.027182496172763092,0.07400595454453317
2024-05-01,0.0,0.0,0.06065352937134447,0.15529361508097583,0.11224115566762906,0.021970931,0.024682487469865663,0.06430027790675655
2024-06-01,0.0,0.0,0.06756598108954195,0.23450456581320062,0.11190194142196194,0.026427954,0.05056506761097754,0.08336671766556428
2024-07-01,0.0,0.0,0.08458777696453557,0.4805609254391231,0.18606335205785463,0.029440455,0.23146844673045572,0.19606616481426878
2024-08-01,0.0,0.0,0.13956937319507723,0.496301688519866,0.15911759899506206,0.023126336,0.21826032702524076,0.1972874508307374
2024-09-01,0.0,0.0,0.1355042968508564,0.5975173655883108,0.1932262368991874,0.35383987,0.3161190381577772,0.32792264647571484
2024-10-01,0.0,0.0,0.06873665315548995,0.19091928481526296,0.2081535936051659,0.6007988,0.5886477088486445,0.14889088283973578
2024-11-01,0.0,0.0,0.038480124312517135,0.1636137390124345,0.21301026475888618,0.42225462,0.5411836143606439,0.12010612153139875
2024-12-01,0.0,0.0,0.03379362886347309,0.31929394379518106,0.2573591875249731,0.4817291,0.5140370203552794,0.20307295685076257
2025-01-01,0.0,0.0,0.03008649267073316,0.11946143906281052,0.23812957624724043,0.1498069,0.11786025261323772,0.07407080407178603
2025-02-01,0.0,0.0,0.02913786262827834,0.06796550200868304,0.19233119927359626,0.15097275,0.08480913351124723,0.05903576268603569
2025-03-01,0.0,0.0,0.05114534190368676,0.13025323025235983,0.18905061151171038,0.13604529,0.13656434710766258,0.07089276858590426
2025-04-01,0.0,0.0,0.09365112000020387,0.07977605412142659,0.15764004627636724,0.10853387,0.13656434710766258,0.0573831531866026
2025-05-01,0.0,0.0,0.07999081549511033,0.04711430598948497,0.14087148428398444,0.3955453,0.4792115235363897,0.06968737135267955
2025-06-01,0.0,0.0,0.07554884852876934,0.025821294489199027,0.10646943807597159,0.12720005,0.18417359686010537,0.04697552656934909
2025-07-01,0.0,0.0,0.060355181086421586,0.013077534206476145,0.08478550867788764,0.020095816,0.015654815996298078,0.03862411958218004
2025-08-01,0.0,0.0,0.06673947221459992,0.03838306953748198,0.08457638139479291,0.03612479,0.030905298713589376,0.04259224478463868
2025-09-01,0.0,0.0,0.05625069807843422,0.027365268226910485,0.10938833235622815,0.3903918,0.33645916105577256,0.05954874342100729
2025-10-01,0.0,0.0,0.30684361789315945,0.012555351020035969,0.11886536117961341,0.40363875,0.3156234692298896,0.056756516976520455
2025-11-01,0.0,0.0,0.05717451409605879,0.0361194296365237,0.11827852433742983,0.32420045,0.22210957200774809,0.056704008257109625
2025-12-01,0.0,0.0,0.05225217439055044,0.032586044749212166,0.10635080026127446,0.101497434,0.19185088498870517,0.04720155175111682
2026-01-01,0.0,0.0,0.039421217467014415,0.014043514943177154,0.04478289246022288,0.034402728,0.06098594599365431,0.03696841064696123
2026-02-01,0.0,0.0,0.04005270036990105,0.0087407513429472,0.052174336936725546,0.015552099,0.04521456819076937,0.03608168961608256
2026-03-01,0.0,,0.04930768696497614,0.033180566205118854,0.05176545990521474,0.093560636,0.12815560383631602,0.04215459060889289
2026-04-01,0.0,,0.03883408201994025,0.0041895441947292595,0.03517295530262301,0.099666074,0.031180269610459548,0.03655741705131436
2026-05-01,0.0,,0.027981467782298913,0.006030574685261958,0.03765463861486167,0.14334711,0.07775570222136888,0.038109643523069975
